Method,Job,AnalyzeLaunchVariance,EvaluateOverhead,MaxAbsoluteError,MaxRelativeError,MinInvokeCount,MinIterationTime,OutlierMode,Affinity,EnvironmentVariables,Jit,LargeAddressAware,Platform,PowerPlanMode,Runtime,AllowVeryLargeObjects,Concurrent,CpuGroups,Force,HeapAffinitizeMask,HeapCount,NoAffinitize,RetainVm,Server,Arguments,BuildConfiguration,Clock,EngineFactory,NuGetReferences,Toolchain,IsMutator,InvocationCount,IterationCount,IterationTime,LaunchCount,MaxIterationCount,MaxWarmupIterationCount,MemoryRandomization,MinIterationCount,MinWarmupIterationCount,RunStrategy,UnrollFactor,WarmupCount,Categories,ServiceLifetime,Project type,Mean,Error,StdDev,Median,Ratio,RatioSD,Rank,Gen0,Allocated,Alloc Ratio
ColdStart_MediatR,Scoped/False,False,Default,Default,Default,Default,Default,Default,111111111111,"ServiceLifetime=Scoped,IsLargeProject=False",RyuJit,Default,X64,8c5e7fda-e8bf-4a96-9a85-a6e23a8c635c,.NET 8.0,False,True,False,True,Default,Default,False,False,False,/p:ExtraDefineConstants=Mediator_Lifetime_Scoped,Scoped/False,Default,Default,Default,Default,Default,Default,Default,Default,Default,Default,Default,Default,Default,Default,Default,16,Default,ColdStart,Scoped,Small,198.380 ns,3.7555 ns,3.5129 ns,200.570 ns,baseline,,1,0.0348,584 B,
ColdStart_IMediator,Scoped/False,False,Default,Default,Default,Default,Default,Default,111111111111,"ServiceLifetime=Scoped,IsLargeProject=False",RyuJit,Default,X64,8c5e7fda-e8bf-4a96-9a85-a6e23a8c635c,.NET 8.0,False,True,False,True,Default,Default,False,False,False,/p:ExtraDefineConstants=Mediator_Lifetime_Scoped,Scoped/False,Default,Default,Default,Default,Default,Default,Default,Default,Default,Default,Default,Default,Default,Default,Default,16,Default,ColdStart,Scoped,Small,348.325 ns,3.4330 ns,3.2112 ns,346.886 ns,1.76x slower,0.03x,2,0.0520,872 B,1.49x more
ColdStart_MediatR,Scoped/True,False,Default,Default,Default,Default,Default,Default,111111111111,"ServiceLifetime=Scoped,IsLargeProject=True",RyuJit,Default,X64,8c5e7fda-e8bf-4a96-9a85-a6e23a8c635c,.NET 8.0,False,True,False,True,Default,Default,False,False,False,/p:ExtraDefineConstants=Mediator_Lifetime_Scoped%3BMediator_Large_Project,Scoped/True,Default,Default,Default,Default,Default,Default,Default,Default,Default,Default,Default,Default,Default,Default,Default,16,Default,ColdStart,Scoped,Large,210.619 ns,2.0817 ns,1.9472 ns,211.183 ns,baseline,,1,0.0348,584 B,
ColdStart_IMediator,Scoped/True,False,Default,Default,Default,Default,Default,Default,111111111111,"ServiceLifetime=Scoped,IsLargeProject=True",RyuJit,Default,X64,8c5e7fda-e8bf-4a96-9a85-a6e23a8c635c,.NET 8.0,False,True,False,True,Default,Default,False,False,False,/p:ExtraDefineConstants=Mediator_Lifetime_Scoped%3BMediator_Large_Project,Scoped/True,Default,Default,Default,Default,Default,Default,Default,Default,Default,Default,Default,Default,Default,Default,Default,16,Default,ColdStart,Scoped,Large,360.949 ns,7.2398 ns,7.1104 ns,357.257 ns,1.71x slower,0.04x,2,0.0520,872 B,1.49x more
ColdStart_IMediator,Singleton/False,False,Default,Default,Default,Default,Default,Default,111111111111,"ServiceLifetime=Singleton,IsLargeProject=False",RyuJit,Default,X64,8c5e7fda-e8bf-4a96-9a85-a6e23a8c635c,.NET 8.0,False,True,False,True,Default,Default,False,False,False,/p:ExtraDefineConstants=Mediator_Lifetime_Singleton,Singleton/False,Default,Default,Default,Default,Default,Default,Default,Default,Default,Default,Default,Default,Default,Default,Default,16,Default,ColdStart,Singleton,Small,27.538 ns,0.4142 ns,0.3875 ns,27.585 ns,3.65x faster,0.06x,1,0.0000,0 B,NA
ColdStart_MediatR,Singleton/False,False,Default,Default,Default,Default,Default,Default,111111111111,"ServiceLifetime=Singleton,IsLargeProject=False",RyuJit,Default,X64,8c5e7fda-e8bf-4a96-9a85-a6e23a8c635c,.NET 8.0,False,True,False,True,Default,Default,False,False,False,/p:ExtraDefineConstants=Mediator_Lifetime_Singleton,Singleton/False,Default,Default,Default,Default,Default,Default,Default,Default,Default,Default,Default,Default,Default,Default,Default,16,Default,ColdStart,Singleton,Small,100.620 ns,1.0707 ns,1.0016 ns,101.058 ns,baseline,,2,0.0143,240 B,
ColdStart_MediatR,Singleton/True,False,Default,Default,Default,Default,Default,Default,111111111111,"ServiceLifetime=Singleton,IsLargeProject=True",RyuJit,Default,X64,8c5e7fda-e8bf-4a96-9a85-a6e23a8c635c,.NET 8.0,False,True,False,True,Default,Default,False,False,False,/p:ExtraDefineConstants=Mediator_Lifetime_Singleton%3BMediator_Large_Project,Singleton/True,Default,Default,Default,Default,Default,Default,Default,Default,Default,Default,Default,Default,Default,Default,Default,16,Default,ColdStart,Singleton,Large,108.935 ns,0.9321 ns,0.8719 ns,109.159 ns,baseline,,1,0.0143,240 B,
ColdStart_IMediator,Singleton/True,False,Default,Default,Default,Default,Default,Default,111111111111,"ServiceLifetime=Singleton,IsLargeProject=True",RyuJit,Default,X64,8c5e7fda-e8bf-4a96-9a85-a6e23a8c635c,.NET 8.0,False,True,False,True,Default,Default,False,False,False,/p:ExtraDefineConstants=Mediator_Lifetime_Singleton%3BMediator_Large_Project,Singleton/True,Default,Default,Default,Default,Default,Default,Default,Default,Default,Default,Default,Default,Default,Default,Default,16,Default,ColdStart,Singleton,Large,168.109 ns,2.1708 ns,2.0306 ns,167.542 ns,1.54x slower,0.02x,2,0.0000,0 B,NA
ColdStart_MediatR,Transient/False,False,Default,Default,Default,Default,Default,Default,111111111111,"ServiceLifetime=Transient,IsLargeProject=False",RyuJit,Default,X64,8c5e7fda-e8bf-4a96-9a85-a6e23a8c635c,.NET 8.0,False,True,False,True,Default,Default,False,False,False,/p:ExtraDefineConstants=Mediator_Lifetime_Transient,Transient/False,Default,Default,Default,Default,Default,Default,Default,Default,Default,Default,Default,Default,Default,Default,Default,16,Default,ColdStart,Transient,Small,108.394 ns,1.4002 ns,1.2412 ns,108.003 ns,baseline,,1,0.0162,272 B,
ColdStart_IMediator,Transient/False,False,Default,Default,Default,Default,Default,Default,111111111111,"ServiceLifetime=Transient,IsLargeProject=False",RyuJit,Default,X64,8c5e7fda-e8bf-4a96-9a85-a6e23a8c635c,.NET 8.0,False,True,False,True,Default,Default,False,False,False,/p:ExtraDefineConstants=Mediator_Lifetime_Transient,Transient/False,Default,Default,Default,Default,Default,Default,Default,Default,Default,Default,Default,Default,Default,Default,Default,16,Default,ColdStart,Transient,Small,131.020 ns,1.8479 ns,1.7285 ns,130.050 ns,1.21x slower,0.02x,2,0.0119,200 B,1.36x less
ColdStart_MediatR,Transient/True,False,Default,Default,Default,Default,Default,Default,111111111111,"ServiceLifetime=Transient,IsLargeProject=True",RyuJit,Default,X64,8c5e7fda-e8bf-4a96-9a85-a6e23a8c635c,.NET 8.0,False,True,False,True,Default,Default,False,False,False,/p:ExtraDefineConstants=Mediator_Lifetime_Transient%3BMediator_Large_Project,Transient/True,Default,Default,Default,Default,Default,Default,Default,Default,Default,Default,Default,Default,Default,Default,Default,16,Default,ColdStart,Transient,Large,125.671 ns,0.3392 ns,0.3172 ns,125.760 ns,baseline,,1,0.0162,272 B,
ColdStart_IMediator,Transient/True,False,Default,Default,Default,Default,Default,Default,111111111111,"ServiceLifetime=Transient,IsLargeProject=True",RyuJit,Default,X64,8c5e7fda-e8bf-4a96-9a85-a6e23a8c635c,.NET 8.0,False,True,False,True,Default,Default,False,False,False,/p:ExtraDefineConstants=Mediator_Lifetime_Transient%3BMediator_Large_Project,Transient/True,Default,Default,Default,Default,Default,Default,Default,Default,Default,Default,Default,Default,Default,Default,Default,16,Default,ColdStart,Transient,Large,150.637 ns,1.6483 ns,1.5418 ns,150.424 ns,1.20x slower,0.01x,2,0.0119,200 B,1.36x less
Initialization_MediatR,Scoped/False,False,Default,Default,Default,Default,Default,Default,111111111111,"ServiceLifetime=Scoped,IsLargeProject=False",RyuJit,Default,X64,8c5e7fda-e8bf-4a96-9a85-a6e23a8c635c,.NET 8.0,False,True,False,True,Default,Default,False,False,False,/p:ExtraDefineConstants=Mediator_Lifetime_Scoped,Scoped/False,Default,Default,Default,Default,Default,Default,Default,Default,Default,Default,Default,Default,Default,Default,Default,16,Default,Initialization,Scoped,Small,74.303 ns,1.1820 ns,1.1056 ns,73.740 ns,baseline,,1,0.0205,344 B,
Initialization_IMediator,Scoped/False,False,Default,Default,Default,Default,Default,Default,111111111111,"ServiceLifetime=Scoped,IsLargeProject=False",RyuJit,Default,X64,8c5e7fda-e8bf-4a96-9a85-a6e23a8c635c,.NET 8.0,False,True,False,True,Default,Default,False,False,False,/p:ExtraDefineConstants=Mediator_Lifetime_Scoped,Scoped/False,Default,Default,Default,Default,Default,Default,Default,Default,Default,Default,Default,Default,Default,Default,Default,16,Default,Initialization,Scoped,Small,126.104 ns,1.5053 ns,1.4080 ns,126.090 ns,1.70x slower,0.03x,2,0.0210,352 B,1.02x more
Initialization_MediatR,Scoped/True,False,Default,Default,Default,Default,Default,Default,111111111111,"ServiceLifetime=Scoped,IsLargeProject=True",RyuJit,Default,X64,8c5e7fda-e8bf-4a96-9a85-a6e23a8c635c,.NET 8.0,False,True,False,True,Default,Default,False,False,False,/p:ExtraDefineConstants=Mediator_Lifetime_Scoped%3BMediator_Large_Project,Scoped/True,Default,Default,Default,Default,Default,Default,Default,Default,Default,Default,Default,Default,Default,Default,Default,16,Default,Initialization,Scoped,Large,76.246 ns,0.7385 ns,0.6908 ns,76.552 ns,baseline,,1,0.0205,344 B,
Initialization_IMediator,Scoped/True,False,Default,Default,Default,Default,Default,Default,111111111111,"ServiceLifetime=Scoped,IsLargeProject=True",RyuJit,Default,X64,8c5e7fda-e8bf-4a96-9a85-a6e23a8c635c,.NET 8.0,False,True,False,True,Default,Default,False,False,False,/p:ExtraDefineConstants=Mediator_Lifetime_Scoped%3BMediator_Large_Project,Scoped/True,Default,Default,Default,Default,Default,Default,Default,Default,Default,Default,Default,Default,Default,Default,Default,16,Default,Initialization,Scoped,Large,132.576 ns,2.2281 ns,1.9752 ns,132.006 ns,1.74x slower,0.03x,2,0.0210,352 B,1.02x more
Initialization_IMediator,Singleton/False,False,Default,Default,Default,Default,Default,Default,111111111111,"ServiceLifetime=Singleton,IsLargeProject=False",RyuJit,Default,X64,8c5e7fda-e8bf-4a96-9a85-a6e23a8c635c,.NET 8.0,False,True,False,True,Default,Default,False,False,False,/p:ExtraDefineConstants=Mediator_Lifetime_Singleton,Singleton/False,Default,Default,Default,Default,Default,Default,Default,Default,Default,Default,Default,Default,Default,Default,Default,16,Default,Initialization,Singleton,Small,8.719 ns,0.1235 ns,0.1155 ns,8.695 ns,1.01x faster,0.02x,1,0.0000,0 B,NA
Initialization_MediatR,Singleton/False,False,Default,Default,Default,Default,Default,Default,111111111111,"ServiceLifetime=Singleton,IsLargeProject=False",RyuJit,Default,X64,8c5e7fda-e8bf-4a96-9a85-a6e23a8c635c,.NET 8.0,False,True,False,True,Default,Default,False,False,False,/p:ExtraDefineConstants=Mediator_Lifetime_Singleton,Singleton/False,Default,Default,Default,Default,Default,Default,Default,Default,Default,Default,Default,Default,Default,Default,Default,16,Default,Initialization,Singleton,Small,8.840 ns,0.0902 ns,0.0843 ns,8.832 ns,baseline,,1,0.0000,0 B,NA
Initialization_IMediator,Singleton/True,False,Default,Default,Default,Default,Default,Default,111111111111,"ServiceLifetime=Singleton,IsLargeProject=True",RyuJit,Default,X64,8c5e7fda-e8bf-4a96-9a85-a6e23a8c635c,.NET 8.0,False,True,False,True,Default,Default,False,False,False,/p:ExtraDefineConstants=Mediator_Lifetime_Singleton%3BMediator_Large_Project,Singleton/True,Default,Default,Default,Default,Default,Default,Default,Default,Default,Default,Default,Default,Default,Default,Default,16,Default,Initialization,Singleton,Large,8.715 ns,0.1056 ns,0.0988 ns,8.757 ns,1.06x faster,0.02x,1,0.0000,0 B,NA
Initialization_MediatR,Singleton/True,False,Default,Default,Default,Default,Default,Default,111111111111,"ServiceLifetime=Singleton,IsLargeProject=True",RyuJit,Default,X64,8c5e7fda-e8bf-4a96-9a85-a6e23a8c635c,.NET 8.0,False,True,False,True,Default,Default,False,False,False,/p:ExtraDefineConstants=Mediator_Lifetime_Singleton%3BMediator_Large_Project,Singleton/True,Default,Default,Default,Default,Default,Default,Default,Default,Default,Default,Default,Default,Default,Default,Default,16,Default,Initialization,Singleton,Large,9.199 ns,0.1097 ns,0.1026 ns,9.266 ns,baseline,,2,0.0000,0 B,NA
Initialization_MediatR,Transient/False,False,Default,Default,Default,Default,Default,Default,111111111111,"ServiceLifetime=Transient,IsLargeProject=False",RyuJit,Default,X64,8c5e7fda-e8bf-4a96-9a85-a6e23a8c635c,.NET 8.0,False,True,False,True,Default,Default,False,False,False,/p:ExtraDefineConstants=Mediator_Lifetime_Transient,Transient/False,Default,Default,Default,Default,Default,Default,Default,Default,Default,Default,Default,Default,Default,Default,Default,16,Default,Initialization,Transient,Small,12.969 ns,0.1221 ns,0.1019 ns,12.930 ns,baseline,,1,0.0019,32 B,
Initialization_IMediator,Transient/False,False,Default,Default,Default,Default,Default,Default,111111111111,"ServiceLifetime=Transient,IsLargeProject=False",RyuJit,Default,X64,8c5e7fda-e8bf-4a96-9a85-a6e23a8c635c,.NET 8.0,False,True,False,True,Default,Default,False,False,False,/p:ExtraDefineConstants=Mediator_Lifetime_Transient,Transient/False,Default,Default,Default,Default,Default,Default,Default,Default,Default,Default,Default,Default,Default,Default,Default,16,Default,Initialization,Transient,Small,40.993 ns,0.5485 ns,0.5131 ns,40.997 ns,3.16x slower,0.05x,2,0.0024,40 B,1.25x more
Initialization_MediatR,Transient/True,False,Default,Default,Default,Default,Default,Default,111111111111,"ServiceLifetime=Transient,IsLargeProject=True",RyuJit,Default,X64,8c5e7fda-e8bf-4a96-9a85-a6e23a8c635c,.NET 8.0,False,True,False,True,Default,Default,False,False,False,/p:ExtraDefineConstants=Mediator_Lifetime_Transient%3BMediator_Large_Project,Transient/True,Default,Default,Default,Default,Default,Default,Default,Default,Default,Default,Default,Default,Default,Default,Default,16,Default,Initialization,Transient,Large,12.948 ns,0.0506 ns,0.0422 ns,12.948 ns,baseline,,1,0.0019,32 B,
Initialization_IMediator,Transient/True,False,Default,Default,Default,Default,Default,Default,111111111111,"ServiceLifetime=Transient,IsLargeProject=True",RyuJit,Default,X64,8c5e7fda-e8bf-4a96-9a85-a6e23a8c635c,.NET 8.0,False,True,False,True,Default,Default,False,False,False,/p:ExtraDefineConstants=Mediator_Lifetime_Transient%3BMediator_Large_Project,Transient/True,Default,Default,Default,Default,Default,Default,Default,Default,Default,Default,Default,Default,Default,Default,Default,16,Default,Initialization,Transient,Large,44.880 ns,0.6910 ns,0.6464 ns,44.982 ns,3.47x slower,0.05x,2,0.0024,40 B,1.25x more
Notification_Mediator,Scoped/False,False,Default,Default,Default,Default,Default,Default,111111111111,"ServiceLifetime=Scoped,IsLargeProject=False",RyuJit,Default,X64,8c5e7fda-e8bf-4a96-9a85-a6e23a8c635c,.NET 8.0,False,True,False,True,Default,Default,False,False,False,/p:ExtraDefineConstants=Mediator_Lifetime_Scoped,Scoped/False,Default,Default,Default,Default,Default,Default,Default,Default,Default,Default,Default,Default,Default,Default,Default,16,Default,"Notification,Concrete",Scoped,Small,59.260 ns,0.4933 ns,0.4119 ns,59.086 ns,1.42x faster,0.02x,1,0.0000,0 B,NA
Notification_IMediator,Scoped/False,False,Default,Default,Default,Default,Default,Default,111111111111,"ServiceLifetime=Scoped,IsLargeProject=False",RyuJit,Default,X64,8c5e7fda-e8bf-4a96-9a85-a6e23a8c635c,.NET 8.0,False,True,False,True,Default,Default,False,False,False,/p:ExtraDefineConstants=Mediator_Lifetime_Scoped,Scoped/False,Default,Default,Default,Default,Default,Default,Default,Default,Default,Default,Default,Default,Default,Default,Default,16,Default,"Notification,Concrete",Scoped,Small,66.459 ns,0.1539 ns,0.1285 ns,66.398 ns,1.26x faster,0.02x,2,0.0000,0 B,NA
Notification_MediatR,Scoped/False,False,Default,Default,Default,Default,Default,Default,111111111111,"ServiceLifetime=Scoped,IsLargeProject=False",RyuJit,Default,X64,8c5e7fda-e8bf-4a96-9a85-a6e23a8c635c,.NET 8.0,False,True,False,True,Default,Default,False,False,False,/p:ExtraDefineConstants=Mediator_Lifetime_Scoped,Scoped/False,Default,Default,Default,Default,Default,Default,Default,Default,Default,Default,Default,Default,Default,Default,Default,16,Default,"Notification,Concrete",Scoped,Small,83.922 ns,1.2598 ns,1.1784 ns,83.993 ns,baseline,,3,0.0172,288 B,
Notification_Mediator,Scoped/True,False,Default,Default,Default,Default,Default,Default,111111111111,"ServiceLifetime=Scoped,IsLargeProject=True",RyuJit,Default,X64,8c5e7fda-e8bf-4a96-9a85-a6e23a8c635c,.NET 8.0,False,True,False,True,Default,Default,False,False,False,/p:ExtraDefineConstants=Mediator_Lifetime_Scoped%3BMediator_Large_Project,Scoped/True,Default,Default,Default,Default,Default,Default,Default,Default,Default,Default,Default,Default,Default,Default,Default,16,Default,"Notification,Concrete",Scoped,Large,81.861 ns,0.9188 ns,0.8594 ns,81.253 ns,1.12x faster,0.02x,1,0.0000,0 B,NA
Notification_MediatR,Scoped/True,False,Default,Default,Default,Default,Default,Default,111111111111,"ServiceLifetime=Scoped,IsLargeProject=True",RyuJit,Default,X64,8c5e7fda-e8bf-4a96-9a85-a6e23a8c635c,.NET 8.0,False,True,False,True,Default,Default,False,False,False,/p:ExtraDefineConstants=Mediator_Lifetime_Scoped%3BMediator_Large_Project,Scoped/True,Default,Default,Default,Default,Default,Default,Default,Default,Default,Default,Default,Default,Default,Default,Default,16,Default,"Notification,Concrete",Scoped,Large,91.548 ns,1.1106 ns,0.9845 ns,91.539 ns,baseline,,2,0.0172,288 B,
Notification_IMediator,Scoped/True,False,Default,Default,Default,Default,Default,Default,111111111111,"ServiceLifetime=Scoped,IsLargeProject=True",RyuJit,Default,X64,8c5e7fda-e8bf-4a96-9a85-a6e23a8c635c,.NET 8.0,False,True,False,True,Default,Default,False,False,False,/p:ExtraDefineConstants=Mediator_Lifetime_Scoped%3BMediator_Large_Project,Scoped/True,Default,Default,Default,Default,Default,Default,Default,Default,Default,Default,Default,Default,Default,Default,Default,16,Default,"Notification,Concrete",Scoped,Large,102.573 ns,0.8898 ns,0.8323 ns,102.184 ns,1.12x slower,0.01x,3,0.0000,0 B,NA
Notification_Mediator,Singleton/False,False,Default,Default,Default,Default,Default,Default,111111111111,"ServiceLifetime=Singleton,IsLargeProject=False",RyuJit,Default,X64,8c5e7fda-e8bf-4a96-9a85-a6e23a8c635c,.NET 8.0,False,True,False,True,Default,Default,False,False,False,/p:ExtraDefineConstants=Mediator_Lifetime_Singleton,Singleton/False,Default,Default,Default,Default,Default,Default,Default,Default,Default,Default,Default,Default,Default,Default,Default,16,Default,"Notification,Concrete",Singleton,Small,20.396 ns,0.2346 ns,0.2194 ns,20.253 ns,4.12x faster,0.05x,1,0.0000,0 B,NA
Notification_IMediator,Singleton/False,False,Default,Default,Default,Default,Default,Default,111111111111,"ServiceLifetime=Singleton,IsLargeProject=False",RyuJit,Default,X64,8c5e7fda-e8bf-4a96-9a85-a6e23a8c635c,.NET 8.0,False,True,False,True,Default,Default,False,False,False,/p:ExtraDefineConstants=Mediator_Lifetime_Singleton,Singleton/False,Default,Default,Default,Default,Default,Default,Default,Default,Default,Default,Default,Default,Default,Default,Default,16,Default,"Notification,Concrete",Singleton,Small,27.252 ns,0.2938 ns,0.2748 ns,27.093 ns,3.09x faster,0.04x,2,0.0000,0 B,NA
Notification_MediatR,Singleton/False,False,Default,Default,Default,Default,Default,Default,111111111111,"ServiceLifetime=Singleton,IsLargeProject=False",RyuJit,Default,X64,8c5e7fda-e8bf-4a96-9a85-a6e23a8c635c,.NET 8.0,False,True,False,True,Default,Default,False,False,False,/p:ExtraDefineConstants=Mediator_Lifetime_Singleton,Singleton/False,Default,Default,Default,Default,Default,Default,Default,Default,Default,Default,Default,Default,Default,Default,Default,16,Default,"Notification,Concrete",Singleton,Small,84.104 ns,0.7546 ns,0.7058 ns,83.818 ns,baseline,,3,0.0172,288 B,
Notification_MediatR,Singleton/True,False,Default,Default,Default,Default,Default,Default,111111111111,"ServiceLifetime=Singleton,IsLargeProject=True",RyuJit,Default,X64,8c5e7fda-e8bf-4a96-9a85-a6e23a8c635c,.NET 8.0,False,True,False,True,Default,Default,False,False,False,/p:ExtraDefineConstants=Mediator_Lifetime_Singleton%3BMediator_Large_Project,Singleton/True,Default,Default,Default,Default,Default,Default,Default,Default,Default,Default,Default,Default,Default,Default,Default,16,Default,"Notification,Concrete",Singleton,Large,89.381 ns,1.3415 ns,1.2549 ns,88.500 ns,baseline,,1,0.0172,288 B,
Notification_Mediator,Singleton/True,False,Default,Default,Default,Default,Default,Default,111111111111,"ServiceLifetime=Singleton,IsLargeProject=True",RyuJit,Default,X64,8c5e7fda-e8bf-4a96-9a85-a6e23a8c635c,.NET 8.0,False,True,False,True,Default,Default,False,False,False,/p:ExtraDefineConstants=Mediator_Lifetime_Singleton%3BMediator_Large_Project,Singleton/True,Default,Default,Default,Default,Default,Default,Default,Default,Default,Default,Default,Default,Default,Default,Default,16,Default,"Notification,Concrete",Singleton,Large,283.091 ns,3.6480 ns,3.4123 ns,285.335 ns,3.17x slower,0.06x,2,0.0000,0 B,NA
Notification_IMediator,Singleton/True,False,Default,Default,Default,Default,Default,Default,111111111111,"ServiceLifetime=Singleton,IsLargeProject=True",RyuJit,Default,X64,8c5e7fda-e8bf-4a96-9a85-a6e23a8c635c,.NET 8.0,False,True,False,True,Default,Default,False,False,False,/p:ExtraDefineConstants=Mediator_Lifetime_Singleton%3BMediator_Large_Project,Singleton/True,Default,Default,Default,Default,Default,Default,Default,Default,Default,Default,Default,Default,Default,Default,Default,16,Default,"Notification,Concrete",Singleton,Large,320.386 ns,3.3276 ns,3.1126 ns,318.402 ns,3.59x slower,0.06x,3,0.0000,0 B,NA
Notification_Mediator,Transient/False,False,Default,Default,Default,Default,Default,Default,111111111111,"ServiceLifetime=Transient,IsLargeProject=False",RyuJit,Default,X64,8c5e7fda-e8bf-4a96-9a85-a6e23a8c635c,.NET 8.0,False,True,False,True,Default,Default,False,False,False,/p:ExtraDefineConstants=Mediator_Lifetime_Transient,Transient/False,Default,Default,Default,Default,Default,Default,Default,Default,Default,Default,Default,Default,Default,Default,Default,16,Default,"Notification,Concrete",Transient,Small,58.016 ns,0.1636 ns,0.1530 ns,57.984 ns,1.60x faster,0.02x,1,0.0048,80 B,3.60x less
Notification_MediatR,Transient/False,False,Default,Default,Default,Default,Default,Default,111111111111,"ServiceLifetime=Transient,IsLargeProject=False",RyuJit,Default,X64,8c5e7fda-e8bf-4a96-9a85-a6e23a8c635c,.NET 8.0,False,True,False,True,Default,Default,False,False,False,/p:ExtraDefineConstants=Mediator_Lifetime_Transient,Transient/False,Default,Default,Default,Default,Default,Default,Default,Default,Default,Default,Default,Default,Default,Default,Default,16,Default,"Notification,Concrete",Transient,Small,92.756 ns,1.3326 ns,1.2465 ns,92.502 ns,baseline,,2,0.0172,288 B,
Notification_IMediator,Transient/False,False,Default,Default,Default,Default,Default,Default,111111111111,"ServiceLifetime=Transient,IsLargeProject=False",RyuJit,Default,X64,8c5e7fda-e8bf-4a96-9a85-a6e23a8c635c,.NET 8.0,False,True,False,True,Default,Default,False,False,False,/p:ExtraDefineConstants=Mediator_Lifetime_Transient,Transient/False,Default,Default,Default,Default,Default,Default,Default,Default,Default,Default,Default,Default,Default,Default,Default,16,Default,"Notification,Concrete",Transient,Small,102.012 ns,1.2801 ns,1.1974 ns,101.577 ns,1.10x slower,0.02x,3,0.0048,80 B,3.60x less
Notification_Mediator,Transient/True,False,Default,Default,Default,Default,Default,Default,111111111111,"ServiceLifetime=Transient,IsLargeProject=True",RyuJit,Default,X64,8c5e7fda-e8bf-4a96-9a85-a6e23a8c635c,.NET 8.0,False,True,False,True,Default,Default,False,False,False,/p:ExtraDefineConstants=Mediator_Lifetime_Transient%3BMediator_Large_Project,Transient/True,Default,Default,Default,Default,Default,Default,Default,Default,Default,Default,Default,Default,Default,Default,Default,16,Default,"Notification,Concrete",Transient,Large,56.706 ns,0.7352 ns,0.6877 ns,56.683 ns,1.55x faster,0.03x,1,0.0048,80 B,3.60x less
Notification_MediatR,Transient/True,False,Default,Default,Default,Default,Default,Default,111111111111,"ServiceLifetime=Transient,IsLargeProject=True",RyuJit,Default,X64,8c5e7fda-e8bf-4a96-9a85-a6e23a8c635c,.NET 8.0,False,True,False,True,Default,Default,False,False,False,/p:ExtraDefineConstants=Mediator_Lifetime_Transient%3BMediator_Large_Project,Transient/True,Default,Default,Default,Default,Default,Default,Default,Default,Default,Default,Default,Default,Default,Default,Default,16,Default,"Notification,Concrete",Transient,Large,87.797 ns,1.3593 ns,1.2715 ns,87.930 ns,baseline,,2,0.0172,288 B,
Notification_IMediator,Transient/True,False,Default,Default,Default,Default,Default,Default,111111111111,"ServiceLifetime=Transient,IsLargeProject=True",RyuJit,Default,X64,8c5e7fda-e8bf-4a96-9a85-a6e23a8c635c,.NET 8.0,False,True,False,True,Default,Default,False,False,False,/p:ExtraDefineConstants=Mediator_Lifetime_Transient%3BMediator_Large_Project,Transient/True,Default,Default,Default,Default,Default,Default,Default,Default,Default,Default,Default,Default,Default,Default,Default,16,Default,"Notification,Concrete",Transient,Large,103.468 ns,1.2679 ns,1.1860 ns,103.256 ns,1.18x slower,0.02x,3,0.0048,80 B,3.60x less
Notification_IMediator_Object,Scoped/False,False,Default,Default,Default,Default,Default,Default,111111111111,"ServiceLifetime=Scoped,IsLargeProject=False",RyuJit,Default,X64,8c5e7fda-e8bf-4a96-9a85-a6e23a8c635c,.NET 8.0,False,True,False,True,Default,Default,False,False,False,/p:ExtraDefineConstants=Mediator_Lifetime_Scoped,Scoped/False,Default,Default,Default,Default,Default,Default,Default,Default,Default,Default,Default,Default,Default,Default,Default,16,Default,"Notification,Object",Scoped,Small,62.088 ns,0.5397 ns,0.5048 ns,62.453 ns,1.31x faster,0.02x,1,0.0000,0 B,NA
Notification_MediatR_Object,Scoped/False,False,Default,Default,Default,Default,Default,Default,111111111111,"ServiceLifetime=Scoped,IsLargeProject=False",RyuJit,Default,X64,8c5e7fda-e8bf-4a96-9a85-a6e23a8c635c,.NET 8.0,False,True,False,True,Default,Default,False,False,False,/p:ExtraDefineConstants=Mediator_Lifetime_Scoped,Scoped/False,Default,Default,Default,Default,Default,Default,Default,Default,Default,Default,Default,Default,Default,Default,Default,16,Default,"Notification,Object",Scoped,Small,81.278 ns,1.2855 ns,1.2025 ns,81.239 ns,baseline,,2,0.0172,288 B,
Notification_MediatR_Object,Scoped/True,False,Default,Default,Default,Default,Default,Default,111111111111,"ServiceLifetime=Scoped,IsLargeProject=True",RyuJit,Default,X64,8c5e7fda-e8bf-4a96-9a85-a6e23a8c635c,.NET 8.0,False,True,False,True,Default,Default,False,False,False,/p:ExtraDefineConstants=Mediator_Lifetime_Scoped%3BMediator_Large_Project,Scoped/True,Default,Default,Default,Default,Default,Default,Default,Default,Default,Default,Default,Default,Default,Default,Default,16,Default,"Notification,Object",Scoped,Large,82.874 ns,0.4754 ns,0.3970 ns,82.954 ns,baseline,,1,0.0172,288 B,
Notification_IMediator_Object,Scoped/True,False,Default,Default,Default,Default,Default,Default,111111111111,"ServiceLifetime=Scoped,IsLargeProject=True",RyuJit,Default,X64,8c5e7fda-e8bf-4a96-9a85-a6e23a8c635c,.NET 8.0,False,True,False,True,Default,Default,False,False,False,/p:ExtraDefineConstants=Mediator_Lifetime_Scoped%3BMediator_Large_Project,Scoped/True,Default,Default,Default,Default,Default,Default,Default,Default,Default,Default,Default,Default,Default,Default,Default,16,Default,"Notification,Object",Scoped,Large,93.071 ns,0.5544 ns,0.5186 ns,92.817 ns,1.12x slower,0.01x,2,0.0000,0 B,NA
Notification_IMediator_Object,Singleton/False,False,Default,Default,Default,Default,Default,Default,111111111111,"ServiceLifetime=Singleton,IsLargeProject=False",RyuJit,Default,X64,8c5e7fda-e8bf-4a96-9a85-a6e23a8c635c,.NET 8.0,False,True,False,True,Default,Default,False,False,False,/p:ExtraDefineConstants=Mediator_Lifetime_Singleton,Singleton/False,Default,Default,Default,Default,Default,Default,Default,Default,Default,Default,Default,Default,Default,Default,Default,16,Default,"Notification,Object",Singleton,Small,21.882 ns,0.2236 ns,0.2091 ns,21.819 ns,3.92x faster,0.06x,1,0.0000,0 B,NA
Notification_MediatR_Object,Singleton/False,False,Default,Default,Default,Default,Default,Default,111111111111,"ServiceLifetime=Singleton,IsLargeProject=False",RyuJit,Default,X64,8c5e7fda-e8bf-4a96-9a85-a6e23a8c635c,.NET 8.0,False,True,False,True,Default,Default,False,False,False,/p:ExtraDefineConstants=Mediator_Lifetime_Singleton,Singleton/False,Default,Default,Default,Default,Default,Default,Default,Default,Default,Default,Default,Default,Default,Default,Default,16,Default,"Notification,Object",Singleton,Small,85.872 ns,1.1529 ns,1.0784 ns,86.018 ns,baseline,,2,0.0172,288 B,
Notification_MediatR_Object,Singleton/True,False,Default,Default,Default,Default,Default,Default,111111111111,"ServiceLifetime=Singleton,IsLargeProject=True",RyuJit,Default,X64,8c5e7fda-e8bf-4a96-9a85-a6e23a8c635c,.NET 8.0,False,True,False,True,Default,Default,False,False,False,/p:ExtraDefineConstants=Mediator_Lifetime_Singleton%3BMediator_Large_Project,Singleton/True,Default,Default,Default,Default,Default,Default,Default,Default,Default,Default,Default,Default,Default,Default,Default,16,Default,"Notification,Object",Singleton,Large,83.566 ns,1.0690 ns,0.9999 ns,83.529 ns,baseline,,1,0.0172,288 B,
Notification_IMediator_Object,Singleton/True,False,Default,Default,Default,Default,Default,Default,111111111111,"ServiceLifetime=Singleton,IsLargeProject=True",RyuJit,Default,X64,8c5e7fda-e8bf-4a96-9a85-a6e23a8c635c,.NET 8.0,False,True,False,True,Default,Default,False,False,False,/p:ExtraDefineConstants=Mediator_Lifetime_Singleton%3BMediator_Large_Project,Singleton/True,Default,Default,Default,Default,Default,Default,Default,Default,Default,Default,Default,Default,Default,Default,Default,16,Default,"Notification,Object",Singleton,Large,299.514 ns,2.9217 ns,2.7330 ns,301.064 ns,3.58x slower,0.05x,2,0.0000,0 B,NA
Notification_IMediator_Object,Transient/False,False,Default,Default,Default,Default,Default,Default,111111111111,"ServiceLifetime=Transient,IsLargeProject=False",RyuJit,Default,X64,8c5e7fda-e8bf-4a96-9a85-a6e23a8c635c,.NET 8.0,False,True,False,True,Default,Default,False,False,False,/p:ExtraDefineConstants=Mediator_Lifetime_Transient,Transient/False,Default,Default,Default,Default,Default,Default,Default,Default,Default,Default,Default,Default,Default,Default,Default,16,Default,"Notification,Object",Transient,Small,64.223 ns,1.0202 ns,0.9543 ns,63.751 ns,1.57x faster,0.03x,1,0.0048,80 B,3.60x less
Notification_MediatR_Object,Transient/False,False,Default,Default,Default,Default,Default,Default,111111111111,"ServiceLifetime=Transient,IsLargeProject=False",RyuJit,Default,X64,8c5e7fda-e8bf-4a96-9a85-a6e23a8c635c,.NET 8.0,False,True,False,True,Default,Default,False,False,False,/p:ExtraDefineConstants=Mediator_Lifetime_Transient,Transient/False,Default,Default,Default,Default,Default,Default,Default,Default,Default,Default,Default,Default,Default,Default,Default,16,Default,"Notification,Object",Transient,Small,100.585 ns,1.5443 ns,1.4445 ns,100.623 ns,baseline,,2,0.0172,288 B,
Notification_MediatR_Object,Transient/True,False,Default,Default,Default,Default,Default,Default,111111111111,"ServiceLifetime=Transient,IsLargeProject=True",RyuJit,Default,X64,8c5e7fda-e8bf-4a96-9a85-a6e23a8c635c,.NET 8.0,False,True,False,True,Default,Default,False,False,False,/p:ExtraDefineConstants=Mediator_Lifetime_Transient%3BMediator_Large_Project,Transient/True,Default,Default,Default,Default,Default,Default,Default,Default,Default,Default,Default,Default,Default,Default,Default,16,Default,"Notification,Object",Transient,Large,81.933 ns,1.1616 ns,1.0866 ns,82.262 ns,baseline,,1,0.0172,288 B,
Notification_IMediator_Object,Transient/True,False,Default,Default,Default,Default,Default,Default,111111111111,"ServiceLifetime=Transient,IsLargeProject=True",RyuJit,Default,X64,8c5e7fda-e8bf-4a96-9a85-a6e23a8c635c,.NET 8.0,False,True,False,True,Default,Default,False,False,False,/p:ExtraDefineConstants=Mediator_Lifetime_Transient%3BMediator_Large_Project,Transient/True,Default,Default,Default,Default,Default,Default,Default,Default,Default,Default,Default,Default,Default,Default,Default,16,Default,"Notification,Object",Transient,Large,110.026 ns,1.2951 ns,1.2114 ns,110.588 ns,1.34x slower,0.02x,2,0.0048,80 B,3.60x less
Request_Mediator,Scoped/False,False,Default,Default,Default,Default,Default,Default,111111111111,"ServiceLifetime=Scoped,IsLargeProject=False",RyuJit,Default,X64,8c5e7fda-e8bf-4a96-9a85-a6e23a8c635c,.NET 8.0,False,True,False,True,Default,Default,False,False,False,/p:ExtraDefineConstants=Mediator_Lifetime_Scoped,Scoped/False,Default,Default,Default,Default,Default,Default,Default,Default,Default,Default,Default,Default,Default,Default,Default,16,Default,"Request,Concrete",Scoped,Small,24.146 ns,0.3453 ns,0.3230 ns,24.145 ns,3.80x faster,0.07x,1,0.0000,0 B,NA
Request_IMediator,Scoped/False,False,Default,Default,Default,Default,Default,Default,111111111111,"ServiceLifetime=Scoped,IsLargeProject=False",RyuJit,Default,X64,8c5e7fda-e8bf-4a96-9a85-a6e23a8c635c,.NET 8.0,False,True,False,True,Default,Default,False,False,False,/p:ExtraDefineConstants=Mediator_Lifetime_Scoped,Scoped/False,Default,Default,Default,Default,Default,Default,Default,Default,Default,Default,Default,Default,Default,Default,Default,16,Default,"Request,Concrete",Scoped,Small,35.919 ns,0.3188 ns,0.2982 ns,35.859 ns,2.55x faster,0.04x,2,0.0000,0 B,NA
Request_MediatR,Scoped/False,False,Default,Default,Default,Default,Default,Default,111111111111,"ServiceLifetime=Scoped,IsLargeProject=False",RyuJit,Default,X64,8c5e7fda-e8bf-4a96-9a85-a6e23a8c635c,.NET 8.0,False,True,False,True,Default,Default,False,False,False,/p:ExtraDefineConstants=Mediator_Lifetime_Scoped,Scoped/False,Default,Default,Default,Default,Default,Default,Default,Default,Default,Default,Default,Default,Default,Default,Default,16,Default,"Request,Concrete",Scoped,Small,91.697 ns,1.2087 ns,1.1306 ns,91.163 ns,baseline,,3,0.0143,240 B,
Request_Mediator,Scoped/True,False,Default,Default,Default,Default,Default,Default,111111111111,"ServiceLifetime=Scoped,IsLargeProject=True",RyuJit,Default,X64,8c5e7fda-e8bf-4a96-9a85-a6e23a8c635c,.NET 8.0,False,True,False,True,Default,Default,False,False,False,/p:ExtraDefineConstants=Mediator_Lifetime_Scoped%3BMediator_Large_Project,Scoped/True,Default,Default,Default,Default,Default,Default,Default,Default,Default,Default,Default,Default,Default,Default,Default,16,Default,"Request,Concrete",Scoped,Large,25.404 ns,0.2253 ns,0.2107 ns,25.558 ns,3.83x faster,0.05x,1,0.0000,0 B,NA
Request_IMediator,Scoped/True,False,Default,Default,Default,Default,Default,Default,111111111111,"ServiceLifetime=Scoped,IsLargeProject=True",RyuJit,Default,X64,8c5e7fda-e8bf-4a96-9a85-a6e23a8c635c,.NET 8.0,False,True,False,True,Default,Default,False,False,False,/p:ExtraDefineConstants=Mediator_Lifetime_Scoped%3BMediator_Large_Project,Scoped/True,Default,Default,Default,Default,Default,Default,Default,Default,Default,Default,Default,Default,Default,Default,Default,16,Default,"Request,Concrete",Scoped,Large,36.811 ns,0.3524 ns,0.3296 ns,37.027 ns,2.64x faster,0.04x,2,0.0000,0 B,NA
Request_MediatR,Scoped/True,False,Default,Default,Default,Default,Default,Default,111111111111,"ServiceLifetime=Scoped,IsLargeProject=True",RyuJit,Default,X64,8c5e7fda-e8bf-4a96-9a85-a6e23a8c635c,.NET 8.0,False,True,False,True,Default,Default,False,False,False,/p:ExtraDefineConstants=Mediator_Lifetime_Scoped%3BMediator_Large_Project,Scoped/True,Default,Default,Default,Default,Default,Default,Default,Default,Default,Default,Default,Default,Default,Default,Default,16,Default,"Request,Concrete",Scoped,Large,97.218 ns,1.1175 ns,1.0453 ns,96.951 ns,baseline,,3,0.0143,240 B,
Request_Mediator,Singleton/False,False,Default,Default,Default,Default,Default,Default,111111111111,"ServiceLifetime=Singleton,IsLargeProject=False",RyuJit,Default,X64,8c5e7fda-e8bf-4a96-9a85-a6e23a8c635c,.NET 8.0,False,True,False,True,Default,Default,False,False,False,/p:ExtraDefineConstants=Mediator_Lifetime_Singleton,Singleton/False,Default,Default,Default,Default,Default,Default,Default,Default,Default,Default,Default,Default,Default,Default,Default,16,Default,"Request,Concrete",Singleton,Small,8.329 ns,0.1006 ns,0.0941 ns,8.403 ns,11.95x faster,0.18x,1,0.0000,0 B,NA
Request_IMediator,Singleton/False,False,Default,Default,Default,Default,Default,Default,111111111111,"ServiceLifetime=Singleton,IsLargeProject=False",RyuJit,Default,X64,8c5e7fda-e8bf-4a96-9a85-a6e23a8c635c,.NET 8.0,False,True,False,True,Default,Default,False,False,False,/p:ExtraDefineConstants=Mediator_Lifetime_Singleton,Singleton/False,Default,Default,Default,Default,Default,Default,Default,Default,Default,Default,Default,Default,Default,Default,Default,16,Default,"Request,Concrete",Singleton,Small,19.101 ns,0.2558 ns,0.2393 ns,19.092 ns,5.21x faster,0.08x,2,0.0000,0 B,NA
Request_MediatR,Singleton/False,False,Default,Default,Default,Default,Default,Default,111111111111,"ServiceLifetime=Singleton,IsLargeProject=False",RyuJit,Default,X64,8c5e7fda-e8bf-4a96-9a85-a6e23a8c635c,.NET 8.0,False,True,False,True,Default,Default,False,False,False,/p:ExtraDefineConstants=Mediator_Lifetime_Singleton,Singleton/False,Default,Default,Default,Default,Default,Default,Default,Default,Default,Default,Default,Default,Default,Default,Default,16,Default,"Request,Concrete",Singleton,Small,99.528 ns,1.1215 ns,1.0490 ns,99.261 ns,baseline,,3,0.0143,240 B,
Request_MediatR,Singleton/True,False,Default,Default,Default,Default,Default,Default,111111111111,"ServiceLifetime=Singleton,IsLargeProject=True",RyuJit,Default,X64,8c5e7fda-e8bf-4a96-9a85-a6e23a8c635c,.NET 8.0,False,True,False,True,Default,Default,False,False,False,/p:ExtraDefineConstants=Mediator_Lifetime_Singleton%3BMediator_Large_Project,Singleton/True,Default,Default,Default,Default,Default,Default,Default,Default,Default,Default,Default,Default,Default,Default,Default,16,Default,"Request,Concrete",Singleton,Large,98.005 ns,1.0901 ns,1.0197 ns,97.692 ns,baseline,,1,0.0143,240 B,
Request_IMediator,Singleton/True,False,Default,Default,Default,Default,Default,Default,111111111111,"ServiceLifetime=Singleton,IsLargeProject=True",RyuJit,Default,X64,8c5e7fda-e8bf-4a96-9a85-a6e23a8c635c,.NET 8.0,False,True,False,True,Default,Default,False,False,False,/p:ExtraDefineConstants=Mediator_Lifetime_Singleton%3BMediator_Large_Project,Singleton/True,Default,Default,Default,Default,Default,Default,Default,Default,Default,Default,Default,Default,Default,Default,Default,16,Default,"Request,Concrete",Singleton,Large,138.790 ns,2.0807 ns,1.9463 ns,137.290 ns,1.42x slower,0.02x,2,0.0000,0 B,NA
Request_Mediator,Singleton/True,False,Default,Default,Default,Default,Default,Default,111111111111,"ServiceLifetime=Singleton,IsLargeProject=True",RyuJit,Default,X64,8c5e7fda-e8bf-4a96-9a85-a6e23a8c635c,.NET 8.0,False,True,False,True,Default,Default,False,False,False,/p:ExtraDefineConstants=Mediator_Lifetime_Singleton%3BMediator_Large_Project,Singleton/True,Default,Default,Default,Default,Default,Default,Default,Default,Default,Default,Default,Default,Default,Default,Default,16,Default,"Request,Concrete",Singleton,Large,144.181 ns,1.3824 ns,1.2931 ns,145.202 ns,1.47x slower,0.02x,2,0.0000,0 B,NA
Request_Mediator,Transient/False,False,Default,Default,Default,Default,Default,Default,111111111111,"ServiceLifetime=Transient,IsLargeProject=False",RyuJit,Default,X64,8c5e7fda-e8bf-4a96-9a85-a6e23a8c635c,.NET 8.0,False,True,False,True,Default,Default,False,False,False,/p:ExtraDefineConstants=Mediator_Lifetime_Transient,Transient/False,Default,Default,Default,Default,Default,Default,Default,Default,Default,Default,Default,Default,Default,Default,Default,16,Default,"Request,Concrete",Transient,Small,78.551 ns,1.6110 ns,1.5069 ns,77.856 ns,1.11x faster,0.02x,1,0.0095,160 B,1.50x less
Request_IMediator,Transient/False,False,Default,Default,Default,Default,Default,Default,111111111111,"ServiceLifetime=Transient,IsLargeProject=False",RyuJit,Default,X64,8c5e7fda-e8bf-4a96-9a85-a6e23a8c635c,.NET 8.0,False,True,False,True,Default,Default,False,False,False,/p:ExtraDefineConstants=Mediator_Lifetime_Transient,Transient/False,Default,Default,Default,Default,Default,Default,Default,Default,Default,Default,Default,Default,Default,Default,Default,16,Default,"Request,Concrete",Transient,Small,85.996 ns,0.1694 ns,0.1415 ns,85.973 ns,1.01x faster,0.01x,2,0.0095,160 B,1.50x less
Request_MediatR,Transient/False,False,Default,Default,Default,Default,Default,Default,111111111111,"ServiceLifetime=Transient,IsLargeProject=False",RyuJit,Default,X64,8c5e7fda-e8bf-4a96-9a85-a6e23a8c635c,.NET 8.0,False,True,False,True,Default,Default,False,False,False,/p:ExtraDefineConstants=Mediator_Lifetime_Transient,Transient/False,Default,Default,Default,Default,Default,Default,Default,Default,Default,Default,Default,Default,Default,Default,Default,16,Default,"Request,Concrete",Transient,Small,86.959 ns,1.0597 ns,0.9912 ns,87.185 ns,baseline,,2,0.0143,240 B,
Request_Mediator,Transient/True,False,Default,Default,Default,Default,Default,Default,111111111111,"ServiceLifetime=Transient,IsLargeProject=True",RyuJit,Default,X64,8c5e7fda-e8bf-4a96-9a85-a6e23a8c635c,.NET 8.0,False,True,False,True,Default,Default,False,False,False,/p:ExtraDefineConstants=Mediator_Lifetime_Transient%3BMediator_Large_Project,Transient/True,Default,Default,Default,Default,Default,Default,Default,Default,Default,Default,Default,Default,Default,Default,Default,16,Default,"Request,Concrete",Transient,Large,80.175 ns,0.8901 ns,0.8326 ns,79.846 ns,1.14x faster,0.02x,1,0.0095,160 B,1.50x less
Request_MediatR,Transient/True,False,Default,Default,Default,Default,Default,Default,111111111111,"ServiceLifetime=Transient,IsLargeProject=True",RyuJit,Default,X64,8c5e7fda-e8bf-4a96-9a85-a6e23a8c635c,.NET 8.0,False,True,False,True,Default,Default,False,False,False,/p:ExtraDefineConstants=Mediator_Lifetime_Transient%3BMediator_Large_Project,Transient/True,Default,Default,Default,Default,Default,Default,Default,Default,Default,Default,Default,Default,Default,Default,Default,16,Default,"Request,Concrete",Transient,Large,91.738 ns,0.9150 ns,0.8559 ns,91.511 ns,baseline,,2,0.0143,240 B,
Request_IMediator,Transient/True,False,Default,Default,Default,Default,Default,Default,111111111111,"ServiceLifetime=Transient,IsLargeProject=True",RyuJit,Default,X64,8c5e7fda-e8bf-4a96-9a85-a6e23a8c635c,.NET 8.0,False,True,False,True,Default,Default,False,False,False,/p:ExtraDefineConstants=Mediator_Lifetime_Transient%3BMediator_Large_Project,Transient/True,Default,Default,Default,Default,Default,Default,Default,Default,Default,Default,Default,Default,Default,Default,Default,16,Default,"Request,Concrete",Transient,Large,100.202 ns,1.3541 ns,1.2666 ns,100.163 ns,1.09x slower,0.02x,3,0.0095,160 B,1.50x less
Request_IMediator_Object,Scoped/False,False,Default,Default,Default,Default,Default,Default,111111111111,"ServiceLifetime=Scoped,IsLargeProject=False",RyuJit,Default,X64,8c5e7fda-e8bf-4a96-9a85-a6e23a8c635c,.NET 8.0,False,True,False,True,Default,Default,False,False,False,/p:ExtraDefineConstants=Mediator_Lifetime_Scoped,Scoped/False,Default,Default,Default,Default,Default,Default,Default,Default,Default,Default,Default,Default,Default,Default,Default,16,Default,"Request,Object",Scoped,Small,47.656 ns,0.3254 ns,0.2541 ns,47.474 ns,2.20x faster,0.01x,1,0.0000,0 B,NA
Request_MediatR_Object,Scoped/False,False,Default,Default,Default,Default,Default,Default,111111111111,"ServiceLifetime=Scoped,IsLargeProject=False",RyuJit,Default,X64,8c5e7fda-e8bf-4a96-9a85-a6e23a8c635c,.NET 8.0,False,True,False,True,Default,Default,False,False,False,/p:ExtraDefineConstants=Mediator_Lifetime_Scoped,Scoped/False,Default,Default,Default,Default,Default,Default,Default,Default,Default,Default,Default,Default,Default,Default,Default,16,Default,"Request,Object",Scoped,Small,104.996 ns,0.5538 ns,0.4324 ns,105.111 ns,baseline,,2,0.0186,312 B,
Request_MediatR_Object,Scoped/True,False,Default,Default,Default,Default,Default,Default,111111111111,"ServiceLifetime=Scoped,IsLargeProject=True",RyuJit,Default,X64,8c5e7fda-e8bf-4a96-9a85-a6e23a8c635c,.NET 8.0,False,True,False,True,Default,Default,False,False,False,/p:ExtraDefineConstants=Mediator_Lifetime_Scoped%3BMediator_Large_Project,Scoped/True,Default,Default,Default,Default,Default,Default,Default,Default,Default,Default,Default,Default,Default,Default,Default,16,Default,"Request,Object",Scoped,Large,116.334 ns,0.1055 ns,0.0936 ns,116.337 ns,baseline,,1,0.0186,312 B,
Request_IMediator_Object,Scoped/True,False,Default,Default,Default,Default,Default,Default,111111111111,"ServiceLifetime=Scoped,IsLargeProject=True",RyuJit,Default,X64,8c5e7fda-e8bf-4a96-9a85-a6e23a8c635c,.NET 8.0,False,True,False,True,Default,Default,False,False,False,/p:ExtraDefineConstants=Mediator_Lifetime_Scoped%3BMediator_Large_Project,Scoped/True,Default,Default,Default,Default,Default,Default,Default,Default,Default,Default,Default,Default,Default,Default,Default,16,Default,"Request,Object",Scoped,Large,211.924 ns,2.2916 ns,2.1436 ns,213.542 ns,1.82x slower,0.02x,2,0.0000,0 B,NA
Request_IMediator_Object,Singleton/False,False,Default,Default,Default,Default,Default,Default,111111111111,"ServiceLifetime=Singleton,IsLargeProject=False",RyuJit,Default,X64,8c5e7fda-e8bf-4a96-9a85-a6e23a8c635c,.NET 8.0,False,True,False,True,Default,Default,False,False,False,/p:ExtraDefineConstants=Mediator_Lifetime_Singleton,Singleton/False,Default,Default,Default,Default,Default,Default,Default,Default,Default,Default,Default,Default,Default,Default,Default,16,Default,"Request,Object",Singleton,Small,25.867 ns,0.3414 ns,0.3193 ns,25.639 ns,4.24x faster,0.06x,1,0.0000,0 B,NA
Request_MediatR_Object,Singleton/False,False,Default,Default,Default,Default,Default,Default,111111111111,"ServiceLifetime=Singleton,IsLargeProject=False",RyuJit,Default,X64,8c5e7fda-e8bf-4a96-9a85-a6e23a8c635c,.NET 8.0,False,True,False,True,Default,Default,False,False,False,/p:ExtraDefineConstants=Mediator_Lifetime_Singleton,Singleton/False,Default,Default,Default,Default,Default,Default,Default,Default,Default,Default,Default,Default,Default,Default,Default,16,Default,"Request,Object",Singleton,Small,109.548 ns,1.1785 ns,1.1024 ns,109.544 ns,baseline,,2,0.0186,312 B,
Request_MediatR_Object,Singleton/True,False,Default,Default,Default,Default,Default,Default,111111111111,"ServiceLifetime=Singleton,IsLargeProject=True",RyuJit,Default,X64,8c5e7fda-e8bf-4a96-9a85-a6e23a8c635c,.NET 8.0,False,True,False,True,Default,Default,False,False,False,/p:ExtraDefineConstants=Mediator_Lifetime_Singleton%3BMediator_Large_Project,Singleton/True,Default,Default,Default,Default,Default,Default,Default,Default,Default,Default,Default,Default,Default,Default,Default,16,Default,"Request,Object",Singleton,Large,112.767 ns,0.1669 ns,0.1303 ns,112.756 ns,baseline,,1,0.0186,312 B,
Request_IMediator_Object,Singleton/True,False,Default,Default,Default,Default,Default,Default,111111111111,"ServiceLifetime=Singleton,IsLargeProject=True",RyuJit,Default,X64,8c5e7fda-e8bf-4a96-9a85-a6e23a8c635c,.NET 8.0,False,True,False,True,Default,Default,False,False,False,/p:ExtraDefineConstants=Mediator_Lifetime_Singleton%3BMediator_Large_Project,Singleton/True,Default,Default,Default,Default,Default,Default,Default,Default,Default,Default,Default,Default,Default,Default,Default,16,Default,"Request,Object",Singleton,Large,325.803 ns,3.7515 ns,3.5091 ns,325.400 ns,2.89x slower,0.03x,2,0.0000,0 B,NA
Request_IMediator_Object,Transient/False,False,Default,Default,Default,Default,Default,Default,111111111111,"ServiceLifetime=Transient,IsLargeProject=False",RyuJit,Default,X64,8c5e7fda-e8bf-4a96-9a85-a6e23a8c635c,.NET 8.0,False,True,False,True,Default,Default,False,False,False,/p:ExtraDefineConstants=Mediator_Lifetime_Transient,Transient/False,Default,Default,Default,Default,Default,Default,Default,Default,Default,Default,Default,Default,Default,Default,Default,16,Default,"Request,Object",Transient,Small,96.530 ns,1.5440 ns,1.4442 ns,96.505 ns,1.13x faster,0.02x,1,0.0095,160 B,1.95x less
Request_MediatR_Object,Transient/False,False,Default,Default,Default,Default,Default,Default,111111111111,"ServiceLifetime=Transient,IsLargeProject=False",RyuJit,Default,X64,8c5e7fda-e8bf-4a96-9a85-a6e23a8c635c,.NET 8.0,False,True,False,True,Default,Default,False,False,False,/p:ExtraDefineConstants=Mediator_Lifetime_Transient,Transient/False,Default,Default,Default,Default,Default,Default,Default,Default,Default,Default,Default,Default,Default,Default,Default,16,Default,"Request,Object",Transient,Small,108.765 ns,1.4927 ns,1.3962 ns,109.516 ns,baseline,,2,0.0186,312 B,
Request_MediatR_Object,Transient/True,False,Default,Default,Default,Default,Default,Default,111111111111,"ServiceLifetime=Transient,IsLargeProject=True",RyuJit,Default,X64,8c5e7fda-e8bf-4a96-9a85-a6e23a8c635c,.NET 8.0,False,True,False,True,Default,Default,False,False,False,/p:ExtraDefineConstants=Mediator_Lifetime_Transient%3BMediator_Large_Project,Transient/True,Default,Default,Default,Default,Default,Default,Default,Default,Default,Default,Default,Default,Default,Default,Default,16,Default,"Request,Object",Transient,Large,120.426 ns,1.9912 ns,1.8625 ns,119.112 ns,baseline,,1,0.0186,312 B,
Request_IMediator_Object,Transient/True,False,Default,Default,Default,Default,Default,Default,111111111111,"ServiceLifetime=Transient,IsLargeProject=True",RyuJit,Default,X64,8c5e7fda-e8bf-4a96-9a85-a6e23a8c635c,.NET 8.0,False,True,False,True,Default,Default,False,False,False,/p:ExtraDefineConstants=Mediator_Lifetime_Transient%3BMediator_Large_Project,Transient/True,Default,Default,Default,Default,Default,Default,Default,Default,Default,Default,Default,Default,Default,Default,Default,16,Default,"Request,Object",Transient,Large,268.365 ns,0.2215 ns,0.1963 ns,268.274 ns,2.23x slower,0.03x,2,0.0095,160 B,1.95x less
StreamRequest_Mediator,Scoped/False,False,Default,Default,Default,Default,Default,Default,111111111111,"ServiceLifetime=Scoped,IsLargeProject=False",RyuJit,Default,X64,8c5e7fda-e8bf-4a96-9a85-a6e23a8c635c,.NET 8.0,False,True,False,True,Default,Default,False,False,False,/p:ExtraDefineConstants=Mediator_Lifetime_Scoped,Scoped/False,Default,Default,Default,Default,Default,Default,Default,Default,Default,Default,Default,Default,Default,Default,Default,16,Default,"StreamRequest,Concrete",Scoped,Small,113.539 ns,0.9080 ns,0.7089 ns,113.846 ns,2.74x faster,0.02x,1,0.0052,88 B,6.00x less
StreamRequest_IMediator,Scoped/False,False,Default,Default,Default,Default,Default,Default,111111111111,"ServiceLifetime=Scoped,IsLargeProject=False",RyuJit,Default,X64,8c5e7fda-e8bf-4a96-9a85-a6e23a8c635c,.NET 8.0,False,True,False,True,Default,Default,False,False,False,/p:ExtraDefineConstants=Mediator_Lifetime_Scoped,Scoped/False,Default,Default,Default,Default,Default,Default,Default,Default,Default,Default,Default,Default,Default,Default,Default,16,Default,"StreamRequest,Concrete",Scoped,Small,119.369 ns,1.8841 ns,1.7624 ns,119.369 ns,2.61x faster,0.04x,2,0.0052,88 B,6.00x less
StreamRequest_MediatR,Scoped/False,False,Default,Default,Default,Default,Default,Default,111111111111,"ServiceLifetime=Scoped,IsLargeProject=False",RyuJit,Default,X64,8c5e7fda-e8bf-4a96-9a85-a6e23a8c635c,.NET 8.0,False,True,False,True,Default,Default,False,False,False,/p:ExtraDefineConstants=Mediator_Lifetime_Scoped,Scoped/False,Default,Default,Default,Default,Default,Default,Default,Default,Default,Default,Default,Default,Default,Default,Default,16,Default,"StreamRequest,Concrete",Scoped,Small,311.278 ns,0.7062 ns,0.5897 ns,311.315 ns,baseline,,3,0.0315,528 B,
StreamRequest_Mediator,Scoped/True,False,Default,Default,Default,Default,Default,Default,111111111111,"ServiceLifetime=Scoped,IsLargeProject=True",RyuJit,Default,X64,8c5e7fda-e8bf-4a96-9a85-a6e23a8c635c,.NET 8.0,False,True,False,True,Default,Default,False,False,False,/p:ExtraDefineConstants=Mediator_Lifetime_Scoped%3BMediator_Large_Project,Scoped/True,Default,Default,Default,Default,Default,Default,Default,Default,Default,Default,Default,Default,Default,Default,Default,16,Default,"StreamRequest,Concrete",Scoped,Large,113.002 ns,1.1009 ns,1.0298 ns,112.375 ns,2.93x faster,0.04x,1,0.0052,88 B,6.00x less
StreamRequest_IMediator,Scoped/True,False,Default,Default,Default,Default,Default,Default,111111111111,"ServiceLifetime=Scoped,IsLargeProject=True",RyuJit,Default,X64,8c5e7fda-e8bf-4a96-9a85-a6e23a8c635c,.NET 8.0,False,True,False,True,Default,Default,False,False,False,/p:ExtraDefineConstants=Mediator_Lifetime_Scoped%3BMediator_Large_Project,Scoped/True,Default,Default,Default,Default,Default,Default,Default,Default,Default,Default,Default,Default,Default,Default,Default,16,Default,"StreamRequest,Concrete",Scoped,Large,152.507 ns,0.1584 ns,0.1237 ns,152.481 ns,2.17x faster,0.02x,2,0.0052,88 B,6.00x less
StreamRequest_MediatR,Scoped/True,False,Default,Default,Default,Default,Default,Default,111111111111,"ServiceLifetime=Scoped,IsLargeProject=True",RyuJit,Default,X64,8c5e7fda-e8bf-4a96-9a85-a6e23a8c635c,.NET 8.0,False,True,False,True,Default,Default,False,False,False,/p:ExtraDefineConstants=Mediator_Lifetime_Scoped%3BMediator_Large_Project,Scoped/True,Default,Default,Default,Default,Default,Default,Default,Default,Default,Default,Default,Default,Default,Default,Default,16,Default,"StreamRequest,Concrete",Scoped,Large,330.679 ns,3.5016 ns,3.2754 ns,328.835 ns,baseline,,3,0.0315,528 B,
StreamRequest_Mediator,Singleton/False,False,Default,Default,Default,Default,Default,Default,111111111111,"ServiceLifetime=Singleton,IsLargeProject=False",RyuJit,Default,X64,8c5e7fda-e8bf-4a96-9a85-a6e23a8c635c,.NET 8.0,False,True,False,True,Default,Default,False,False,False,/p:ExtraDefineConstants=Mediator_Lifetime_Singleton,Singleton/False,Default,Default,Default,Default,Default,Default,Default,Default,Default,Default,Default,Default,Default,Default,Default,16,Default,"StreamRequest,Concrete",Singleton,Small,92.308 ns,0.8510 ns,0.7960 ns,91.908 ns,3.68x faster,0.04x,1,0.0052,88 B,6.00x less
StreamRequest_IMediator,Singleton/False,False,Default,Default,Default,Default,Default,Default,111111111111,"ServiceLifetime=Singleton,IsLargeProject=False",RyuJit,Default,X64,8c5e7fda-e8bf-4a96-9a85-a6e23a8c635c,.NET 8.0,False,True,False,True,Default,Default,False,False,False,/p:ExtraDefineConstants=Mediator_Lifetime_Singleton,Singleton/False,Default,Default,Default,Default,Default,Default,Default,Default,Default,Default,Default,Default,Default,Default,Default,16,Default,"StreamRequest,Concrete",Singleton,Small,100.587 ns,0.5589 ns,0.5228 ns,100.301 ns,3.37x faster,0.03x,2,0.0052,88 B,6.00x less
StreamRequest_MediatR,Singleton/False,False,Default,Default,Default,Default,Default,Default,111111111111,"ServiceLifetime=Singleton,IsLargeProject=False",RyuJit,Default,X64,8c5e7fda-e8bf-4a96-9a85-a6e23a8c635c,.NET 8.0,False,True,False,True,Default,Default,False,False,False,/p:ExtraDefineConstants=Mediator_Lifetime_Singleton,Singleton/False,Default,Default,Default,Default,Default,Default,Default,Default,Default,Default,Default,Default,Default,Default,Default,16,Default,"StreamRequest,Concrete",Singleton,Small,339.326 ns,2.1874 ns,2.0461 ns,338.484 ns,baseline,,3,0.0315,528 B,
StreamRequest_Mediator,Singleton/True,False,Default,Default,Default,Default,Default,Default,111111111111,"ServiceLifetime=Singleton,IsLargeProject=True",RyuJit,Default,X64,8c5e7fda-e8bf-4a96-9a85-a6e23a8c635c,.NET 8.0,False,True,False,True,Default,Default,False,False,False,/p:ExtraDefineConstants=Mediator_Lifetime_Singleton%3BMediator_Large_Project,Singleton/True,Default,Default,Default,Default,Default,Default,Default,Default,Default,Default,Default,Default,Default,Default,Default,16,Default,"StreamRequest,Concrete",Singleton,Large,235.515 ns,2.9891 ns,2.7960 ns,234.991 ns,1.38x faster,0.02x,1,0.0052,88 B,6.00x less
StreamRequest_IMediator,Singleton/True,False,Default,Default,Default,Default,Default,Default,111111111111,"ServiceLifetime=Singleton,IsLargeProject=True",RyuJit,Default,X64,8c5e7fda-e8bf-4a96-9a85-a6e23a8c635c,.NET 8.0,False,True,False,True,Default,Default,False,False,False,/p:ExtraDefineConstants=Mediator_Lifetime_Singleton%3BMediator_Large_Project,Singleton/True,Default,Default,Default,Default,Default,Default,Default,Default,Default,Default,Default,Default,Default,Default,Default,16,Default,"StreamRequest,Concrete",Singleton,Large,262.335 ns,3.0393 ns,2.8430 ns,260.519 ns,1.24x faster,0.01x,2,0.0052,88 B,6.00x less
StreamRequest_MediatR,Singleton/True,False,Default,Default,Default,Default,Default,Default,111111111111,"ServiceLifetime=Singleton,IsLargeProject=True",RyuJit,Default,X64,8c5e7fda-e8bf-4a96-9a85-a6e23a8c635c,.NET 8.0,False,True,False,True,Default,Default,False,False,False,/p:ExtraDefineConstants=Mediator_Lifetime_Singleton%3BMediator_Large_Project,Singleton/True,Default,Default,Default,Default,Default,Default,Default,Default,Default,Default,Default,Default,Default,Default,Default,16,Default,"StreamRequest,Concrete",Singleton,Large,325.226 ns,0.6448 ns,0.5385 ns,325.133 ns,baseline,,3,0.0315,528 B,
StreamRequest_Mediator,Transient/False,False,Default,Default,Default,Default,Default,Default,111111111111,"ServiceLifetime=Transient,IsLargeProject=False",RyuJit,Default,X64,8c5e7fda-e8bf-4a96-9a85-a6e23a8c635c,.NET 8.0,False,True,False,True,Default,Default,False,False,False,/p:ExtraDefineConstants=Mediator_Lifetime_Transient,Transient/False,Default,Default,Default,Default,Default,Default,Default,Default,Default,Default,Default,Default,Default,Default,Default,16,Default,"StreamRequest,Concrete",Transient,Small,167.902 ns,2.2234 ns,2.0797 ns,167.603 ns,2.05x faster,0.04x,1,0.0148,248 B,2.13x less
StreamRequest_IMediator,Transient/False,False,Default,Default,Default,Default,Default,Default,111111111111,"ServiceLifetime=Transient,IsLargeProject=False",RyuJit,Default,X64,8c5e7fda-e8bf-4a96-9a85-a6e23a8c635c,.NET 8.0,False,True,False,True,Default,Default,False,False,False,/p:ExtraDefineConstants=Mediator_Lifetime_Transient,Transient/False,Default,Default,Default,Default,Default,Default,Default,Default,Default,Default,Default,Default,Default,Default,Default,16,Default,"StreamRequest,Concrete",Transient,Small,178.466 ns,1.4968 ns,1.2499 ns,178.050 ns,1.93x faster,0.03x,2,0.0148,248 B,2.13x less
StreamRequest_MediatR,Transient/False,False,Default,Default,Default,Default,Default,Default,111111111111,"ServiceLifetime=Transient,IsLargeProject=False",RyuJit,Default,X64,8c5e7fda-e8bf-4a96-9a85-a6e23a8c635c,.NET 8.0,False,True,False,True,Default,Default,False,False,False,/p:ExtraDefineConstants=Mediator_Lifetime_Transient,Transient/False,Default,Default,Default,Default,Default,Default,Default,Default,Default,Default,Default,Default,Default,Default,Default,16,Default,"StreamRequest,Concrete",Transient,Small,343.803 ns,4.8654 ns,4.5511 ns,344.335 ns,baseline,,3,0.0315,528 B,
StreamRequest_Mediator,Transient/True,False,Default,Default,Default,Default,Default,Default,111111111111,"ServiceLifetime=Transient,IsLargeProject=True",RyuJit,Default,X64,8c5e7fda-e8bf-4a96-9a85-a6e23a8c635c,.NET 8.0,False,True,False,True,Default,Default,False,False,False,/p:ExtraDefineConstants=Mediator_Lifetime_Transient%3BMediator_Large_Project,Transient/True,Default,Default,Default,Default,Default,Default,Default,Default,Default,Default,Default,Default,Default,Default,Default,16,Default,"StreamRequest,Concrete",Transient,Large,181.643 ns,3.5462 ns,3.9416 ns,179.964 ns,1.93x faster,0.05x,1,0.0148,248 B,2.13x less
StreamRequest_IMediator,Transient/True,False,Default,Default,Default,Default,Default,Default,111111111111,"ServiceLifetime=Transient,IsLargeProject=True",RyuJit,Default,X64,8c5e7fda-e8bf-4a96-9a85-a6e23a8c635c,.NET 8.0,False,True,False,True,Default,Default,False,False,False,/p:ExtraDefineConstants=Mediator_Lifetime_Transient%3BMediator_Large_Project,Transient/True,Default,Default,Default,Default,Default,Default,Default,Default,Default,Default,Default,Default,Default,Default,Default,16,Default,"StreamRequest,Concrete",Transient,Large,227.855 ns,1.2069 ns,2.0493 ns,228.437 ns,1.54x faster,0.02x,2,0.0148,248 B,2.13x less
StreamRequest_MediatR,Transient/True,False,Default,Default,Default,Default,Default,Default,111111111111,"ServiceLifetime=Transient,IsLargeProject=True",RyuJit,Default,X64,8c5e7fda-e8bf-4a96-9a85-a6e23a8c635c,.NET 8.0,False,True,False,True,Default,Default,False,False,False,/p:ExtraDefineConstants=Mediator_Lifetime_Transient%3BMediator_Large_Project,Transient/True,Default,Default,Default,Default,Default,Default,Default,Default,Default,Default,Default,Default,Default,Default,Default,16,Default,"StreamRequest,Concrete",Transient,Large,350.812 ns,4.9857 ns,4.6636 ns,349.647 ns,baseline,,3,0.0315,528 B,
StreamRequest_IMediator_Object,Scoped/False,False,Default,Default,Default,Default,Default,Default,111111111111,"ServiceLifetime=Scoped,IsLargeProject=False",RyuJit,Default,X64,8c5e7fda-e8bf-4a96-9a85-a6e23a8c635c,.NET 8.0,False,True,False,True,Default,Default,False,False,False,/p:ExtraDefineConstants=Mediator_Lifetime_Scoped,Scoped/False,Default,Default,Default,Default,Default,Default,Default,Default,Default,Default,Default,Default,Default,Default,Default,16,Default,"StreamRequest,Object",Scoped,Small,119.276 ns,0.1763 ns,0.1472 ns,119.258 ns,3.91x faster,0.04x,1,0.0052,88 B,8.27x less
StreamRequest_MediatR_Object,Scoped/False,False,Default,Default,Default,Default,Default,Default,111111111111,"ServiceLifetime=Scoped,IsLargeProject=False",RyuJit,Default,X64,8c5e7fda-e8bf-4a96-9a85-a6e23a8c635c,.NET 8.0,False,True,False,True,Default,Default,False,False,False,/p:ExtraDefineConstants=Mediator_Lifetime_Scoped,Scoped/False,Default,Default,Default,Default,Default,Default,Default,Default,Default,Default,Default,Default,Default,Default,Default,16,Default,"StreamRequest,Object",Scoped,Small,466.043 ns,4.7191 ns,4.4142 ns,465.518 ns,baseline,,2,0.0434,728 B,
StreamRequest_IMediator_Object,Scoped/True,False,Default,Default,Default,Default,Default,Default,111111111111,"ServiceLifetime=Scoped,IsLargeProject=True",RyuJit,Default,X64,8c5e7fda-e8bf-4a96-9a85-a6e23a8c635c,.NET 8.0,False,True,False,True,Default,Default,False,False,False,/p:ExtraDefineConstants=Mediator_Lifetime_Scoped%3BMediator_Large_Project,Scoped/True,Default,Default,Default,Default,Default,Default,Default,Default,Default,Default,Default,Default,Default,Default,Default,16,Default,"StreamRequest,Object",Scoped,Large,235.218 ns,3.4846 ns,3.2595 ns,234.849 ns,1.92x faster,0.04x,1,0.0052,88 B,8.27x less
StreamRequest_MediatR_Object,Scoped/True,False,Default,Default,Default,Default,Default,Default,111111111111,"ServiceLifetime=Scoped,IsLargeProject=True",RyuJit,Default,X64,8c5e7fda-e8bf-4a96-9a85-a6e23a8c635c,.NET 8.0,False,True,False,True,Default,Default,False,False,False,/p:ExtraDefineConstants=Mediator_Lifetime_Scoped%3BMediator_Large_Project,Scoped/True,Default,Default,Default,Default,Default,Default,Default,Default,Default,Default,Default,Default,Default,Default,Default,16,Default,"StreamRequest,Object",Scoped,Large,451.541 ns,6.3266 ns,5.9179 ns,451.306 ns,baseline,,2,0.0434,728 B,
StreamRequest_IMediator_Object,Singleton/False,False,Default,Default,Default,Default,Default,Default,111111111111,"ServiceLifetime=Singleton,IsLargeProject=False",RyuJit,Default,X64,8c5e7fda-e8bf-4a96-9a85-a6e23a8c635c,.NET 8.0,False,True,False,True,Default,Default,False,False,False,/p:ExtraDefineConstants=Mediator_Lifetime_Singleton,Singleton/False,Default,Default,Default,Default,Default,Default,Default,Default,Default,Default,Default,Default,Default,Default,Default,16,Default,"StreamRequest,Object",Singleton,Small,93.591 ns,0.9147 ns,0.8556 ns,93.079 ns,4.94x faster,0.05x,1,0.0052,88 B,8.27x less
StreamRequest_MediatR_Object,Singleton/False,False,Default,Default,Default,Default,Default,Default,111111111111,"ServiceLifetime=Singleton,IsLargeProject=False",RyuJit,Default,X64,8c5e7fda-e8bf-4a96-9a85-a6e23a8c635c,.NET 8.0,False,True,False,True,Default,Default,False,False,False,/p:ExtraDefineConstants=Mediator_Lifetime_Singleton,Singleton/False,Default,Default,Default,Default,Default,Default,Default,Default,Default,Default,Default,Default,Default,Default,Default,16,Default,"StreamRequest,Object",Singleton,Small,461.944 ns,1.2989 ns,1.1514 ns,461.774 ns,baseline,,2,0.0429,728 B,
StreamRequest_IMediator_Object,Singleton/True,False,Default,Default,Default,Default,Default,Default,111111111111,"ServiceLifetime=Singleton,IsLargeProject=True",RyuJit,Default,X64,8c5e7fda-e8bf-4a96-9a85-a6e23a8c635c,.NET 8.0,False,True,False,True,Default,Default,False,False,False,/p:ExtraDefineConstants=Mediator_Lifetime_Singleton%3BMediator_Large_Project,Singleton/True,Default,Default,Default,Default,Default,Default,Default,Default,Default,Default,Default,Default,Default,Default,Default,16,Default,"StreamRequest,Object",Singleton,Large,337.011 ns,0.7899 ns,0.6167 ns,336.767 ns,1.42x faster,0.01x,1,0.0052,88 B,8.27x less
StreamRequest_MediatR_Object,Singleton/True,False,Default,Default,Default,Default,Default,Default,111111111111,"ServiceLifetime=Singleton,IsLargeProject=True",RyuJit,Default,X64,8c5e7fda-e8bf-4a96-9a85-a6e23a8c635c,.NET 8.0,False,True,False,True,Default,Default,False,False,False,/p:ExtraDefineConstants=Mediator_Lifetime_Singleton%3BMediator_Large_Project,Singleton/True,Default,Default,Default,Default,Default,Default,Default,Default,Default,Default,Default,Default,Default,Default,Default,16,Default,"StreamRequest,Object",Singleton,Large,477.883 ns,4.6405 ns,4.3408 ns,475.576 ns,baseline,,2,0.0434,728 B,
StreamRequest_IMediator_Object,Transient/False,False,Default,Default,Default,Default,Default,Default,111111111111,"ServiceLifetime=Transient,IsLargeProject=False",RyuJit,Default,X64,8c5e7fda-e8bf-4a96-9a85-a6e23a8c635c,.NET 8.0,False,True,False,True,Default,Default,False,False,False,/p:ExtraDefineConstants=Mediator_Lifetime_Transient,Transient/False,Default,Default,Default,Default,Default,Default,Default,Default,Default,Default,Default,Default,Default,Default,Default,16,Default,"StreamRequest,Object",Transient,Small,180.460 ns,2.1876 ns,2.0463 ns,180.630 ns,2.45x faster,0.03x,1,0.0148,248 B,2.94x less
StreamRequest_MediatR_Object,Transient/False,False,Default,Default,Default,Default,Default,Default,111111111111,"ServiceLifetime=Transient,IsLargeProject=False",RyuJit,Default,X64,8c5e7fda-e8bf-4a96-9a85-a6e23a8c635c,.NET 8.0,False,True,False,True,Default,Default,False,False,False,/p:ExtraDefineConstants=Mediator_Lifetime_Transient,Transient/False,Default,Default,Default,Default,Default,Default,Default,Default,Default,Default,Default,Default,Default,Default,Default,16,Default,"StreamRequest,Object",Transient,Small,442.035 ns,4.2266 ns,3.9536 ns,443.437 ns,baseline,,2,0.0434,728 B,
StreamRequest_IMediator_Object,Transient/True,False,Default,Default,Default,Default,Default,Default,111111111111,"ServiceLifetime=Transient,IsLargeProject=True",RyuJit,Default,X64,8c5e7fda-e8bf-4a96-9a85-a6e23a8c635c,.NET 8.0,False,True,False,True,Default,Default,False,False,False,/p:ExtraDefineConstants=Mediator_Lifetime_Transient%3BMediator_Large_Project,Transient/True,Default,Default,Default,Default,Default,Default,Default,Default,Default,Default,Default,Default,Default,Default,Default,16,Default,"StreamRequest,Object",Transient,Large,302.183 ns,4.4428 ns,4.1558 ns,299.766 ns,1.50x faster,0.03x,1,0.0148,248 B,2.94x less
StreamRequest_MediatR_Object,Transient/True,False,Default,Default,Default,Default,Default,Default,111111111111,"ServiceLifetime=Transient,IsLargeProject=True",RyuJit,Default,X64,8c5e7fda-e8bf-4a96-9a85-a6e23a8c635c,.NET 8.0,False,True,False,True,Default,Default,False,False,False,/p:ExtraDefineConstants=Mediator_Lifetime_Transient%3BMediator_Large_Project,Transient/True,Default,Default,Default,Default,Default,Default,Default,Default,Default,Default,Default,Default,Default,Default,Default,16,Default,"StreamRequest,Object",Transient,Large,453.657 ns,6.1587 ns,5.7609 ns,453.726 ns,baseline,,2,0.0434,728 B,
