Method,Job,AnalyzeLaunchVariance,EvaluateOverhead,MaxAbsoluteError,MaxRelativeError,MinInvokeCount,MinIterationTime,OutlierMode,Affinity,EnvironmentVariables,Jit,LargeAddressAware,Platform,PowerPlanMode,Runtime,AllowVeryLargeObjects,Concurrent,CpuGroups,Force,HeapAffinitizeMask,HeapCount,NoAffinitize,RetainVm,Server,Arguments,BuildConfiguration,Clock,EngineFactory,NuGetReferences,Toolchain,IsMutator,InvocationCount,IterationCount,IterationTime,LaunchCount,MaxIterationCount,MaxWarmupIterationCount,MemoryRandomization,MinIterationCount,MinWarmupIterationCount,RunStrategy,UnrollFactor,WarmupCount,Categories,ServiceLifetime,Project type,Mean,Error,StdDev,Ratio,RatioSD,Rank,Gen0,Allocated,Alloc Ratio
ColdStart_IMediator,Scoped/False,False,Default,Default,Default,Default,Default,Default,111111111111,"ServiceLifetime=Scoped,IsLargeProject=False",RyuJit,Default,X64,8c5e7fda-e8bf-4a96-9a85-a6e23a8c635c,.NET 8.0,False,True,False,True,Default,Default,False,False,False,/p:ExtraDefineConstants=Mediator_Lifetime_Scoped,Scoped/False,Default,Default,Default,Default,Default,Default,Default,Default,Default,Default,Default,Default,Default,Default,Default,16,Default,ColdStart,Scoped,Small,191.108 ns,1.9233 ns,1.7991 ns,1.09x faster,0.03x,1,0.0262,440 B,1.33x less
ColdStart_MediatR,Scoped/False,False,Default,Default,Default,Default,Default,Default,111111111111,"ServiceLifetime=Scoped,IsLargeProject=False",RyuJit,Default,X64,8c5e7fda-e8bf-4a96-9a85-a6e23a8c635c,.NET 8.0,False,True,False,True,Default,Default,False,False,False,/p:ExtraDefineConstants=Mediator_Lifetime_Scoped,Scoped/False,Default,Default,Default,Default,Default,Default,Default,Default,Default,Default,Default,Default,Default,Default,Default,16,Default,ColdStart,Scoped,Small,207.842 ns,4.2133 ns,6.3063 ns,baseline,,2,0.0348,584 B,
ColdStart_IMediator,Scoped/True,False,Default,Default,Default,Default,Default,Default,111111111111,"ServiceLifetime=Scoped,IsLargeProject=True",RyuJit,Default,X64,8c5e7fda-e8bf-4a96-9a85-a6e23a8c635c,.NET 8.0,False,True,False,True,Default,Default,False,False,False,/p:ExtraDefineConstants=Mediator_Lifetime_Scoped%3BMediator_Large_Project,Scoped/True,Default,Default,Default,Default,Default,Default,Default,Default,Default,Default,Default,Default,Default,Default,Default,16,Default,ColdStart,Scoped,Large,199.753 ns,2.4904 ns,2.3296 ns,1.05x faster,0.02x,1,0.0262,440 B,1.33x less
ColdStart_MediatR,Scoped/True,False,Default,Default,Default,Default,Default,Default,111111111111,"ServiceLifetime=Scoped,IsLargeProject=True",RyuJit,Default,X64,8c5e7fda-e8bf-4a96-9a85-a6e23a8c635c,.NET 8.0,False,True,False,True,Default,Default,False,False,False,/p:ExtraDefineConstants=Mediator_Lifetime_Scoped%3BMediator_Large_Project,Scoped/True,Default,Default,Default,Default,Default,Default,Default,Default,Default,Default,Default,Default,Default,Default,Default,16,Default,ColdStart,Scoped,Large,209.313 ns,3.1457 ns,2.9425 ns,baseline,,2,0.0348,584 B,
ColdStart_IMediator,Singleton/False,False,Default,Default,Default,Default,Default,Default,111111111111,"ServiceLifetime=Singleton,IsLargeProject=False",RyuJit,Default,X64,8c5e7fda-e8bf-4a96-9a85-a6e23a8c635c,.NET 8.0,False,True,False,True,Default,Default,False,False,False,/p:ExtraDefineConstants=Mediator_Lifetime_Singleton,Singleton/False,Default,Default,Default,Default,Default,Default,Default,Default,Default,Default,Default,Default,Default,Default,Default,16,Default,ColdStart,Singleton,Small,23.042 ns,0.1930 ns,0.1806 ns,4.53x faster,0.07x,1,0.0000,0 B,NA
ColdStart_MediatR,Singleton/False,False,Default,Default,Default,Default,Default,Default,111111111111,"ServiceLifetime=Singleton,IsLargeProject=False",RyuJit,Default,X64,8c5e7fda-e8bf-4a96-9a85-a6e23a8c635c,.NET 8.0,False,True,False,True,Default,Default,False,False,False,/p:ExtraDefineConstants=Mediator_Lifetime_Singleton,Singleton/False,Default,Default,Default,Default,Default,Default,Default,Default,Default,Default,Default,Default,Default,Default,Default,16,Default,ColdStart,Singleton,Small,104.325 ns,1.4136 ns,1.3223 ns,baseline,,2,0.0143,240 B,
ColdStart_IMediator,Singleton/True,False,Default,Default,Default,Default,Default,Default,111111111111,"ServiceLifetime=Singleton,IsLargeProject=True",RyuJit,Default,X64,8c5e7fda-e8bf-4a96-9a85-a6e23a8c635c,.NET 8.0,False,True,False,True,Default,Default,False,False,False,/p:ExtraDefineConstants=Mediator_Lifetime_Singleton%3BMediator_Large_Project,Singleton/True,Default,Default,Default,Default,Default,Default,Default,Default,Default,Default,Default,Default,Default,Default,Default,16,Default,ColdStart,Singleton,Large,32.398 ns,0.0827 ns,0.0774 ns,3.41x faster,0.04x,1,0.0000,0 B,NA
ColdStart_MediatR,Singleton/True,False,Default,Default,Default,Default,Default,Default,111111111111,"ServiceLifetime=Singleton,IsLargeProject=True",RyuJit,Default,X64,8c5e7fda-e8bf-4a96-9a85-a6e23a8c635c,.NET 8.0,False,True,False,True,Default,Default,False,False,False,/p:ExtraDefineConstants=Mediator_Lifetime_Singleton%3BMediator_Large_Project,Singleton/True,Default,Default,Default,Default,Default,Default,Default,Default,Default,Default,Default,Default,Default,Default,Default,16,Default,ColdStart,Singleton,Large,110.396 ns,1.4047 ns,1.3140 ns,baseline,,2,0.0143,240 B,
ColdStart_IMediator,Transient/False,False,Default,Default,Default,Default,Default,Default,111111111111,"ServiceLifetime=Transient,IsLargeProject=False",RyuJit,Default,X64,8c5e7fda-e8bf-4a96-9a85-a6e23a8c635c,.NET 8.0,False,True,False,True,Default,Default,False,False,False,/p:ExtraDefineConstants=Mediator_Lifetime_Transient,Transient/False,Default,Default,Default,Default,Default,Default,Default,Default,Default,Default,Default,Default,Default,Default,Default,16,Default,ColdStart,Transient,Small,90.875 ns,1.1758 ns,1.0999 ns,1.37x faster,0.03x,1,0.0076,128 B,2.12x less
ColdStart_MediatR,Transient/False,False,Default,Default,Default,Default,Default,Default,111111111111,"ServiceLifetime=Transient,IsLargeProject=False",RyuJit,Default,X64,8c5e7fda-e8bf-4a96-9a85-a6e23a8c635c,.NET 8.0,False,True,False,True,Default,Default,False,False,False,/p:ExtraDefineConstants=Mediator_Lifetime_Transient,Transient/False,Default,Default,Default,Default,Default,Default,Default,Default,Default,Default,Default,Default,Default,Default,Default,16,Default,ColdStart,Transient,Small,124.471 ns,2.3854 ns,2.6514 ns,baseline,,2,0.0162,272 B,
ColdStart_IMediator,Transient/True,False,Default,Default,Default,Default,Default,Default,111111111111,"ServiceLifetime=Transient,IsLargeProject=True",RyuJit,Default,X64,8c5e7fda-e8bf-4a96-9a85-a6e23a8c635c,.NET 8.0,False,True,False,True,Default,Default,False,False,False,/p:ExtraDefineConstants=Mediator_Lifetime_Transient%3BMediator_Large_Project,Transient/True,Default,Default,Default,Default,Default,Default,Default,Default,Default,Default,Default,Default,Default,Default,Default,16,Default,ColdStart,Transient,Large,92.818 ns,0.9045 ns,0.8461 ns,1.21x faster,0.01x,1,0.0076,128 B,2.12x less
ColdStart_MediatR,Transient/True,False,Default,Default,Default,Default,Default,Default,111111111111,"ServiceLifetime=Transient,IsLargeProject=True",RyuJit,Default,X64,8c5e7fda-e8bf-4a96-9a85-a6e23a8c635c,.NET 8.0,False,True,False,True,Default,Default,False,False,False,/p:ExtraDefineConstants=Mediator_Lifetime_Transient%3BMediator_Large_Project,Transient/True,Default,Default,Default,Default,Default,Default,Default,Default,Default,Default,Default,Default,Default,Default,Default,16,Default,ColdStart,Transient,Large,112.736 ns,0.5756 ns,0.4494 ns,baseline,,2,0.0162,272 B,
Initialization_IMediator,Scoped/False,False,Default,Default,Default,Default,Default,Default,111111111111,"ServiceLifetime=Scoped,IsLargeProject=False",RyuJit,Default,X64,8c5e7fda-e8bf-4a96-9a85-a6e23a8c635c,.NET 8.0,False,True,False,True,Default,Default,False,False,False,/p:ExtraDefineConstants=Mediator_Lifetime_Scoped,Scoped/False,Default,Default,Default,Default,Default,Default,Default,Default,Default,Default,Default,Default,Default,Default,Default,16,Default,Initialization,Scoped,Small,75.332 ns,1.0846 ns,1.0145 ns,1.03x faster,0.02x,1,0.0210,352 B,1.02x more
Initialization_MediatR,Scoped/False,False,Default,Default,Default,Default,Default,Default,111111111111,"ServiceLifetime=Scoped,IsLargeProject=False",RyuJit,Default,X64,8c5e7fda-e8bf-4a96-9a85-a6e23a8c635c,.NET 8.0,False,True,False,True,Default,Default,False,False,False,/p:ExtraDefineConstants=Mediator_Lifetime_Scoped,Scoped/False,Default,Default,Default,Default,Default,Default,Default,Default,Default,Default,Default,Default,Default,Default,Default,16,Default,Initialization,Scoped,Small,77.666 ns,0.8895 ns,0.7885 ns,baseline,,1,0.0205,344 B,
Initialization_IMediator,Scoped/True,False,Default,Default,Default,Default,Default,Default,111111111111,"ServiceLifetime=Scoped,IsLargeProject=True",RyuJit,Default,X64,8c5e7fda-e8bf-4a96-9a85-a6e23a8c635c,.NET 8.0,False,True,False,True,Default,Default,False,False,False,/p:ExtraDefineConstants=Mediator_Lifetime_Scoped%3BMediator_Large_Project,Scoped/True,Default,Default,Default,Default,Default,Default,Default,Default,Default,Default,Default,Default,Default,Default,Default,16,Default,Initialization,Scoped,Large,74.107 ns,0.9796 ns,0.9163 ns,1.01x faster,0.02x,1,0.0210,352 B,1.02x more
Initialization_MediatR,Scoped/True,False,Default,Default,Default,Default,Default,Default,111111111111,"ServiceLifetime=Scoped,IsLargeProject=True",RyuJit,Default,X64,8c5e7fda-e8bf-4a96-9a85-a6e23a8c635c,.NET 8.0,False,True,False,True,Default,Default,False,False,False,/p:ExtraDefineConstants=Mediator_Lifetime_Scoped%3BMediator_Large_Project,Scoped/True,Default,Default,Default,Default,Default,Default,Default,Default,Default,Default,Default,Default,Default,Default,Default,16,Default,Initialization,Scoped,Large,74.857 ns,0.8896 ns,0.8321 ns,baseline,,1,0.0205,344 B,
Initialization_IMediator,Singleton/False,False,Default,Default,Default,Default,Default,Default,111111111111,"ServiceLifetime=Singleton,IsLargeProject=False",RyuJit,Default,X64,8c5e7fda-e8bf-4a96-9a85-a6e23a8c635c,.NET 8.0,False,True,False,True,Default,Default,False,False,False,/p:ExtraDefineConstants=Mediator_Lifetime_Singleton,Singleton/False,Default,Default,Default,Default,Default,Default,Default,Default,Default,Default,Default,Default,Default,Default,Default,16,Default,Initialization,Singleton,Small,8.468 ns,0.0901 ns,0.0843 ns,1.02x faster,0.01x,1,0.0000,0 B,NA
Initialization_MediatR,Singleton/False,False,Default,Default,Default,Default,Default,Default,111111111111,"ServiceLifetime=Singleton,IsLargeProject=False",RyuJit,Default,X64,8c5e7fda-e8bf-4a96-9a85-a6e23a8c635c,.NET 8.0,False,True,False,True,Default,Default,False,False,False,/p:ExtraDefineConstants=Mediator_Lifetime_Singleton,Singleton/False,Default,Default,Default,Default,Default,Default,Default,Default,Default,Default,Default,Default,Default,Default,Default,16,Default,Initialization,Singleton,Small,8.631 ns,0.0697 ns,0.0652 ns,baseline,,1,0.0000,0 B,NA
Initialization_MediatR,Singleton/True,False,Default,Default,Default,Default,Default,Default,111111111111,"ServiceLifetime=Singleton,IsLargeProject=True",RyuJit,Default,X64,8c5e7fda-e8bf-4a96-9a85-a6e23a8c635c,.NET 8.0,False,True,False,True,Default,Default,False,False,False,/p:ExtraDefineConstants=Mediator_Lifetime_Singleton%3BMediator_Large_Project,Singleton/True,Default,Default,Default,Default,Default,Default,Default,Default,Default,Default,Default,Default,Default,Default,Default,16,Default,Initialization,Singleton,Large,8.589 ns,0.0924 ns,0.0864 ns,baseline,,1,0.0000,0 B,NA
Initialization_IMediator,Singleton/True,False,Default,Default,Default,Default,Default,Default,111111111111,"ServiceLifetime=Singleton,IsLargeProject=True",RyuJit,Default,X64,8c5e7fda-e8bf-4a96-9a85-a6e23a8c635c,.NET 8.0,False,True,False,True,Default,Default,False,False,False,/p:ExtraDefineConstants=Mediator_Lifetime_Singleton%3BMediator_Large_Project,Singleton/True,Default,Default,Default,Default,Default,Default,Default,Default,Default,Default,Default,Default,Default,Default,Default,16,Default,Initialization,Singleton,Large,8.876 ns,0.0897 ns,0.0839 ns,1.03x slower,0.01x,1,0.0000,0 B,NA
Initialization_IMediator,Transient/False,False,Default,Default,Default,Default,Default,Default,111111111111,"ServiceLifetime=Transient,IsLargeProject=False",RyuJit,Default,X64,8c5e7fda-e8bf-4a96-9a85-a6e23a8c635c,.NET 8.0,False,True,False,True,Default,Default,False,False,False,/p:ExtraDefineConstants=Mediator_Lifetime_Transient,Transient/False,Default,Default,Default,Default,Default,Default,Default,Default,Default,Default,Default,Default,Default,Default,Default,16,Default,Initialization,Transient,Small,12.890 ns,0.1539 ns,0.1440 ns,1.06x faster,0.02x,1,0.0024,40 B,1.25x more
Initialization_MediatR,Transient/False,False,Default,Default,Default,Default,Default,Default,111111111111,"ServiceLifetime=Transient,IsLargeProject=False",RyuJit,Default,X64,8c5e7fda-e8bf-4a96-9a85-a6e23a8c635c,.NET 8.0,False,True,False,True,Default,Default,False,False,False,/p:ExtraDefineConstants=Mediator_Lifetime_Transient,Transient/False,Default,Default,Default,Default,Default,Default,Default,Default,Default,Default,Default,Default,Default,Default,Default,16,Default,Initialization,Transient,Small,13.714 ns,0.1992 ns,0.1864 ns,baseline,,2,0.0019,32 B,
Initialization_IMediator,Transient/True,False,Default,Default,Default,Default,Default,Default,111111111111,"ServiceLifetime=Transient,IsLargeProject=True",RyuJit,Default,X64,8c5e7fda-e8bf-4a96-9a85-a6e23a8c635c,.NET 8.0,False,True,False,True,Default,Default,False,False,False,/p:ExtraDefineConstants=Mediator_Lifetime_Transient%3BMediator_Large_Project,Transient/True,Default,Default,Default,Default,Default,Default,Default,Default,Default,Default,Default,Default,Default,Default,Default,16,Default,Initialization,Transient,Large,12.094 ns,0.1124 ns,0.0938 ns,1.08x faster,0.02x,1,0.0024,40 B,1.25x more
Initialization_MediatR,Transient/True,False,Default,Default,Default,Default,Default,Default,111111111111,"ServiceLifetime=Transient,IsLargeProject=True",RyuJit,Default,X64,8c5e7fda-e8bf-4a96-9a85-a6e23a8c635c,.NET 8.0,False,True,False,True,Default,Default,False,False,False,/p:ExtraDefineConstants=Mediator_Lifetime_Transient%3BMediator_Large_Project,Transient/True,Default,Default,Default,Default,Default,Default,Default,Default,Default,Default,Default,Default,Default,Default,Default,16,Default,Initialization,Transient,Large,13.043 ns,0.1766 ns,0.1652 ns,baseline,,2,0.0019,32 B,
Notification_Mediator,Scoped/False,False,Default,Default,Default,Default,Default,Default,111111111111,"ServiceLifetime=Scoped,IsLargeProject=False",RyuJit,Default,X64,8c5e7fda-e8bf-4a96-9a85-a6e23a8c635c,.NET 8.0,False,True,False,True,Default,Default,False,False,False,/p:ExtraDefineConstants=Mediator_Lifetime_Scoped,Scoped/False,Default,Default,Default,Default,Default,Default,Default,Default,Default,Default,Default,Default,Default,Default,Default,16,Default,"Notification,Concrete",Scoped,Small,46.651 ns,0.1959 ns,0.1530 ns,1.81x faster,0.02x,1,0.0000,0 B,NA
Notification_IMediator,Scoped/False,False,Default,Default,Default,Default,Default,Default,111111111111,"ServiceLifetime=Scoped,IsLargeProject=False",RyuJit,Default,X64,8c5e7fda-e8bf-4a96-9a85-a6e23a8c635c,.NET 8.0,False,True,False,True,Default,Default,False,False,False,/p:ExtraDefineConstants=Mediator_Lifetime_Scoped,Scoped/False,Default,Default,Default,Default,Default,Default,Default,Default,Default,Default,Default,Default,Default,Default,Default,16,Default,"Notification,Concrete",Scoped,Small,50.405 ns,0.4565 ns,0.4270 ns,1.67x faster,0.02x,2,0.0000,0 B,NA
Notification_MediatR,Scoped/False,False,Default,Default,Default,Default,Default,Default,111111111111,"ServiceLifetime=Scoped,IsLargeProject=False",RyuJit,Default,X64,8c5e7fda-e8bf-4a96-9a85-a6e23a8c635c,.NET 8.0,False,True,False,True,Default,Default,False,False,False,/p:ExtraDefineConstants=Mediator_Lifetime_Scoped,Scoped/False,Default,Default,Default,Default,Default,Default,Default,Default,Default,Default,Default,Default,Default,Default,Default,16,Default,"Notification,Concrete",Scoped,Small,84.405 ns,1.0722 ns,1.0029 ns,baseline,,3,0.0172,288 B,
Notification_Mediator,Scoped/True,False,Default,Default,Default,Default,Default,Default,111111111111,"ServiceLifetime=Scoped,IsLargeProject=True",RyuJit,Default,X64,8c5e7fda-e8bf-4a96-9a85-a6e23a8c635c,.NET 8.0,False,True,False,True,Default,Default,False,False,False,/p:ExtraDefineConstants=Mediator_Lifetime_Scoped%3BMediator_Large_Project,Scoped/True,Default,Default,Default,Default,Default,Default,Default,Default,Default,Default,Default,Default,Default,Default,Default,16,Default,"Notification,Concrete",Scoped,Large,59.101 ns,0.6971 ns,0.6521 ns,1.41x faster,0.02x,1,0.0000,0 B,NA
Notification_IMediator,Scoped/True,False,Default,Default,Default,Default,Default,Default,111111111111,"ServiceLifetime=Scoped,IsLargeProject=True",RyuJit,Default,X64,8c5e7fda-e8bf-4a96-9a85-a6e23a8c635c,.NET 8.0,False,True,False,True,Default,Default,False,False,False,/p:ExtraDefineConstants=Mediator_Lifetime_Scoped%3BMediator_Large_Project,Scoped/True,Default,Default,Default,Default,Default,Default,Default,Default,Default,Default,Default,Default,Default,Default,Default,16,Default,"Notification,Concrete",Scoped,Large,68.816 ns,1.0477 ns,0.9800 ns,1.21x faster,0.02x,2,0.0000,0 B,NA
Notification_MediatR,Scoped/True,False,Default,Default,Default,Default,Default,Default,111111111111,"ServiceLifetime=Scoped,IsLargeProject=True",RyuJit,Default,X64,8c5e7fda-e8bf-4a96-9a85-a6e23a8c635c,.NET 8.0,False,True,False,True,Default,Default,False,False,False,/p:ExtraDefineConstants=Mediator_Lifetime_Scoped%3BMediator_Large_Project,Scoped/True,Default,Default,Default,Default,Default,Default,Default,Default,Default,Default,Default,Default,Default,Default,Default,16,Default,"Notification,Concrete",Scoped,Large,83.417 ns,0.2888 ns,0.2412 ns,baseline,,3,0.0172,288 B,
Notification_Mediator,Singleton/False,False,Default,Default,Default,Default,Default,Default,111111111111,"ServiceLifetime=Singleton,IsLargeProject=False",RyuJit,Default,X64,8c5e7fda-e8bf-4a96-9a85-a6e23a8c635c,.NET 8.0,False,True,False,True,Default,Default,False,False,False,/p:ExtraDefineConstants=Mediator_Lifetime_Singleton,Singleton/False,Default,Default,Default,Default,Default,Default,Default,Default,Default,Default,Default,Default,Default,Default,Default,16,Default,"Notification,Concrete",Singleton,Small,11.971 ns,0.1627 ns,0.1522 ns,6.95x faster,0.09x,1,0.0000,0 B,NA
Notification_IMediator,Singleton/False,False,Default,Default,Default,Default,Default,Default,111111111111,"ServiceLifetime=Singleton,IsLargeProject=False",RyuJit,Default,X64,8c5e7fda-e8bf-4a96-9a85-a6e23a8c635c,.NET 8.0,False,True,False,True,Default,Default,False,False,False,/p:ExtraDefineConstants=Mediator_Lifetime_Singleton,Singleton/False,Default,Default,Default,Default,Default,Default,Default,Default,Default,Default,Default,Default,Default,Default,Default,16,Default,"Notification,Concrete",Singleton,Small,16.465 ns,0.2040 ns,0.1908 ns,5.05x faster,0.06x,2,0.0000,0 B,NA
Notification_MediatR,Singleton/False,False,Default,Default,Default,Default,Default,Default,111111111111,"ServiceLifetime=Singleton,IsLargeProject=False",RyuJit,Default,X64,8c5e7fda-e8bf-4a96-9a85-a6e23a8c635c,.NET 8.0,False,True,False,True,Default,Default,False,False,False,/p:ExtraDefineConstants=Mediator_Lifetime_Singleton,Singleton/False,Default,Default,Default,Default,Default,Default,Default,Default,Default,Default,Default,Default,Default,Default,Default,16,Default,"Notification,Concrete",Singleton,Small,83.177 ns,0.4193 ns,0.3274 ns,baseline,,3,0.0172,288 B,
Notification_Mediator,Singleton/True,False,Default,Default,Default,Default,Default,Default,111111111111,"ServiceLifetime=Singleton,IsLargeProject=True",RyuJit,Default,X64,8c5e7fda-e8bf-4a96-9a85-a6e23a8c635c,.NET 8.0,False,True,False,True,Default,Default,False,False,False,/p:ExtraDefineConstants=Mediator_Lifetime_Singleton%3BMediator_Large_Project,Singleton/True,Default,Default,Default,Default,Default,Default,Default,Default,Default,Default,Default,Default,Default,Default,Default,16,Default,"Notification,Concrete",Singleton,Large,13.288 ns,0.1249 ns,0.1169 ns,6.53x faster,0.10x,1,0.0000,0 B,NA
Notification_IMediator,Singleton/True,False,Default,Default,Default,Default,Default,Default,111111111111,"ServiceLifetime=Singleton,IsLargeProject=True",RyuJit,Default,X64,8c5e7fda-e8bf-4a96-9a85-a6e23a8c635c,.NET 8.0,False,True,False,True,Default,Default,False,False,False,/p:ExtraDefineConstants=Mediator_Lifetime_Singleton%3BMediator_Large_Project,Singleton/True,Default,Default,Default,Default,Default,Default,Default,Default,Default,Default,Default,Default,Default,Default,Default,16,Default,"Notification,Concrete",Singleton,Large,26.305 ns,0.2834 ns,0.2651 ns,3.30x faster,0.05x,2,0.0000,0 B,NA
Notification_MediatR,Singleton/True,False,Default,Default,Default,Default,Default,Default,111111111111,"ServiceLifetime=Singleton,IsLargeProject=True",RyuJit,Default,X64,8c5e7fda-e8bf-4a96-9a85-a6e23a8c635c,.NET 8.0,False,True,False,True,Default,Default,False,False,False,/p:ExtraDefineConstants=Mediator_Lifetime_Singleton%3BMediator_Large_Project,Singleton/True,Default,Default,Default,Default,Default,Default,Default,Default,Default,Default,Default,Default,Default,Default,Default,16,Default,"Notification,Concrete",Singleton,Large,86.825 ns,1.2913 ns,1.2078 ns,baseline,,3,0.0172,288 B,
Notification_Mediator,Transient/False,False,Default,Default,Default,Default,Default,Default,111111111111,"ServiceLifetime=Transient,IsLargeProject=False",RyuJit,Default,X64,8c5e7fda-e8bf-4a96-9a85-a6e23a8c635c,.NET 8.0,False,True,False,True,Default,Default,False,False,False,/p:ExtraDefineConstants=Mediator_Lifetime_Transient,Transient/False,Default,Default,Default,Default,Default,Default,Default,Default,Default,Default,Default,Default,Default,Default,Default,16,Default,"Notification,Concrete",Transient,Small,51.482 ns,0.5381 ns,0.4770 ns,1.62x faster,0.02x,1,0.0033,56 B,5.14x less
Notification_IMediator,Transient/False,False,Default,Default,Default,Default,Default,Default,111111111111,"ServiceLifetime=Transient,IsLargeProject=False",RyuJit,Default,X64,8c5e7fda-e8bf-4a96-9a85-a6e23a8c635c,.NET 8.0,False,True,False,True,Default,Default,False,False,False,/p:ExtraDefineConstants=Mediator_Lifetime_Transient,Transient/False,Default,Default,Default,Default,Default,Default,Default,Default,Default,Default,Default,Default,Default,Default,Default,16,Default,"Notification,Concrete",Transient,Small,60.727 ns,0.6603 ns,0.6176 ns,1.38x faster,0.02x,2,0.0033,56 B,5.14x less
Notification_MediatR,Transient/False,False,Default,Default,Default,Default,Default,Default,111111111111,"ServiceLifetime=Transient,IsLargeProject=False",RyuJit,Default,X64,8c5e7fda-e8bf-4a96-9a85-a6e23a8c635c,.NET 8.0,False,True,False,True,Default,Default,False,False,False,/p:ExtraDefineConstants=Mediator_Lifetime_Transient,Transient/False,Default,Default,Default,Default,Default,Default,Default,Default,Default,Default,Default,Default,Default,Default,Default,16,Default,"Notification,Concrete",Transient,Small,83.648 ns,0.5735 ns,0.4789 ns,baseline,,3,0.0172,288 B,
Notification_Mediator,Transient/True,False,Default,Default,Default,Default,Default,Default,111111111111,"ServiceLifetime=Transient,IsLargeProject=True",RyuJit,Default,X64,8c5e7fda-e8bf-4a96-9a85-a6e23a8c635c,.NET 8.0,False,True,False,True,Default,Default,False,False,False,/p:ExtraDefineConstants=Mediator_Lifetime_Transient%3BMediator_Large_Project,Transient/True,Default,Default,Default,Default,Default,Default,Default,Default,Default,Default,Default,Default,Default,Default,Default,16,Default,"Notification,Concrete",Transient,Large,64.466 ns,0.8896 ns,0.8321 ns,1.48x faster,0.02x,1,0.0033,56 B,5.14x less
Notification_IMediator,Transient/True,False,Default,Default,Default,Default,Default,Default,111111111111,"ServiceLifetime=Transient,IsLargeProject=True",RyuJit,Default,X64,8c5e7fda-e8bf-4a96-9a85-a6e23a8c635c,.NET 8.0,False,True,False,True,Default,Default,False,False,False,/p:ExtraDefineConstants=Mediator_Lifetime_Transient%3BMediator_Large_Project,Transient/True,Default,Default,Default,Default,Default,Default,Default,Default,Default,Default,Default,Default,Default,Default,Default,16,Default,"Notification,Concrete",Transient,Large,74.558 ns,0.5502 ns,0.5147 ns,1.28x faster,0.01x,2,0.0033,56 B,5.14x less
Notification_MediatR,Transient/True,False,Default,Default,Default,Default,Default,Default,111111111111,"ServiceLifetime=Transient,IsLargeProject=True",RyuJit,Default,X64,8c5e7fda-e8bf-4a96-9a85-a6e23a8c635c,.NET 8.0,False,True,False,True,Default,Default,False,False,False,/p:ExtraDefineConstants=Mediator_Lifetime_Transient%3BMediator_Large_Project,Transient/True,Default,Default,Default,Default,Default,Default,Default,Default,Default,Default,Default,Default,Default,Default,Default,16,Default,"Notification,Concrete",Transient,Large,95.229 ns,0.4075 ns,0.3402 ns,baseline,,3,0.0172,288 B,
Notification_IMediator_Object,Scoped/False,False,Default,Default,Default,Default,Default,Default,111111111111,"ServiceLifetime=Scoped,IsLargeProject=False",RyuJit,Default,X64,8c5e7fda-e8bf-4a96-9a85-a6e23a8c635c,.NET 8.0,False,True,False,True,Default,Default,False,False,False,/p:ExtraDefineConstants=Mediator_Lifetime_Scoped,Scoped/False,Default,Default,Default,Default,Default,Default,Default,Default,Default,Default,Default,Default,Default,Default,Default,16,Default,"Notification,Object",Scoped,Small,45.931 ns,0.3986 ns,0.3728 ns,1.82x faster,0.02x,1,0.0000,0 B,NA
Notification_MediatR_Object,Scoped/False,False,Default,Default,Default,Default,Default,Default,111111111111,"ServiceLifetime=Scoped,IsLargeProject=False",RyuJit,Default,X64,8c5e7fda-e8bf-4a96-9a85-a6e23a8c635c,.NET 8.0,False,True,False,True,Default,Default,False,False,False,/p:ExtraDefineConstants=Mediator_Lifetime_Scoped,Scoped/False,Default,Default,Default,Default,Default,Default,Default,Default,Default,Default,Default,Default,Default,Default,Default,16,Default,"Notification,Object",Scoped,Small,83.746 ns,0.5583 ns,0.5223 ns,baseline,,2,0.0172,288 B,
Notification_IMediator_Object,Scoped/True,False,Default,Default,Default,Default,Default,Default,111111111111,"ServiceLifetime=Scoped,IsLargeProject=True",RyuJit,Default,X64,8c5e7fda-e8bf-4a96-9a85-a6e23a8c635c,.NET 8.0,False,True,False,True,Default,Default,False,False,False,/p:ExtraDefineConstants=Mediator_Lifetime_Scoped%3BMediator_Large_Project,Scoped/True,Default,Default,Default,Default,Default,Default,Default,Default,Default,Default,Default,Default,Default,Default,Default,16,Default,"Notification,Object",Scoped,Large,58.505 ns,0.7331 ns,0.6858 ns,1.49x faster,0.02x,1,0.0000,0 B,NA
Notification_MediatR_Object,Scoped/True,False,Default,Default,Default,Default,Default,Default,111111111111,"ServiceLifetime=Scoped,IsLargeProject=True",RyuJit,Default,X64,8c5e7fda-e8bf-4a96-9a85-a6e23a8c635c,.NET 8.0,False,True,False,True,Default,Default,False,False,False,/p:ExtraDefineConstants=Mediator_Lifetime_Scoped%3BMediator_Large_Project,Scoped/True,Default,Default,Default,Default,Default,Default,Default,Default,Default,Default,Default,Default,Default,Default,Default,16,Default,"Notification,Object",Scoped,Large,87.123 ns,0.7565 ns,0.7076 ns,baseline,,2,0.0172,288 B,
Notification_IMediator_Object,Singleton/False,False,Default,Default,Default,Default,Default,Default,111111111111,"ServiceLifetime=Singleton,IsLargeProject=False",RyuJit,Default,X64,8c5e7fda-e8bf-4a96-9a85-a6e23a8c635c,.NET 8.0,False,True,False,True,Default,Default,False,False,False,/p:ExtraDefineConstants=Mediator_Lifetime_Singleton,Singleton/False,Default,Default,Default,Default,Default,Default,Default,Default,Default,Default,Default,Default,Default,Default,Default,16,Default,"Notification,Object",Singleton,Small,12.865 ns,0.1803 ns,0.1686 ns,6.59x faster,0.11x,1,0.0000,0 B,NA
Notification_MediatR_Object,Singleton/False,False,Default,Default,Default,Default,Default,Default,111111111111,"ServiceLifetime=Singleton,IsLargeProject=False",RyuJit,Default,X64,8c5e7fda-e8bf-4a96-9a85-a6e23a8c635c,.NET 8.0,False,True,False,True,Default,Default,False,False,False,/p:ExtraDefineConstants=Mediator_Lifetime_Singleton,Singleton/False,Default,Default,Default,Default,Default,Default,Default,Default,Default,Default,Default,Default,Default,Default,Default,16,Default,"Notification,Object",Singleton,Small,84.748 ns,1.0428 ns,0.9754 ns,baseline,,2,0.0172,288 B,
Notification_IMediator_Object,Singleton/True,False,Default,Default,Default,Default,Default,Default,111111111111,"ServiceLifetime=Singleton,IsLargeProject=True",RyuJit,Default,X64,8c5e7fda-e8bf-4a96-9a85-a6e23a8c635c,.NET 8.0,False,True,False,True,Default,Default,False,False,False,/p:ExtraDefineConstants=Mediator_Lifetime_Singleton%3BMediator_Large_Project,Singleton/True,Default,Default,Default,Default,Default,Default,Default,Default,Default,Default,Default,Default,Default,Default,Default,16,Default,"Notification,Object",Singleton,Large,24.660 ns,0.2674 ns,0.2501 ns,3.43x faster,0.05x,1,0.0000,0 B,NA
Notification_MediatR_Object,Singleton/True,False,Default,Default,Default,Default,Default,Default,111111111111,"ServiceLifetime=Singleton,IsLargeProject=True",RyuJit,Default,X64,8c5e7fda-e8bf-4a96-9a85-a6e23a8c635c,.NET 8.0,False,True,False,True,Default,Default,False,False,False,/p:ExtraDefineConstants=Mediator_Lifetime_Singleton%3BMediator_Large_Project,Singleton/True,Default,Default,Default,Default,Default,Default,Default,Default,Default,Default,Default,Default,Default,Default,Default,16,Default,"Notification,Object",Singleton,Large,84.626 ns,0.9467 ns,0.8855 ns,baseline,,2,0.0172,288 B,
Notification_IMediator_Object,Transient/False,False,Default,Default,Default,Default,Default,Default,111111111111,"ServiceLifetime=Transient,IsLargeProject=False",RyuJit,Default,X64,8c5e7fda-e8bf-4a96-9a85-a6e23a8c635c,.NET 8.0,False,True,False,True,Default,Default,False,False,False,/p:ExtraDefineConstants=Mediator_Lifetime_Transient,Transient/False,Default,Default,Default,Default,Default,Default,Default,Default,Default,Default,Default,Default,Default,Default,Default,16,Default,"Notification,Object",Transient,Small,53.893 ns,0.9813 ns,0.9179 ns,1.63x faster,0.03x,1,0.0033,56 B,5.14x less
Notification_MediatR_Object,Transient/False,False,Default,Default,Default,Default,Default,Default,111111111111,"ServiceLifetime=Transient,IsLargeProject=False",RyuJit,Default,X64,8c5e7fda-e8bf-4a96-9a85-a6e23a8c635c,.NET 8.0,False,True,False,True,Default,Default,False,False,False,/p:ExtraDefineConstants=Mediator_Lifetime_Transient,Transient/False,Default,Default,Default,Default,Default,Default,Default,Default,Default,Default,Default,Default,Default,Default,Default,16,Default,"Notification,Object",Transient,Small,87.925 ns,1.3078 ns,1.2233 ns,baseline,,2,0.0172,288 B,
Notification_IMediator_Object,Transient/True,False,Default,Default,Default,Default,Default,Default,111111111111,"ServiceLifetime=Transient,IsLargeProject=True",RyuJit,Default,X64,8c5e7fda-e8bf-4a96-9a85-a6e23a8c635c,.NET 8.0,False,True,False,True,Default,Default,False,False,False,/p:ExtraDefineConstants=Mediator_Lifetime_Transient%3BMediator_Large_Project,Transient/True,Default,Default,Default,Default,Default,Default,Default,Default,Default,Default,Default,Default,Default,Default,Default,16,Default,"Notification,Object",Transient,Large,67.662 ns,0.9635 ns,0.9013 ns,1.23x faster,0.02x,1,0.0033,56 B,5.14x less
Notification_MediatR_Object,Transient/True,False,Default,Default,Default,Default,Default,Default,111111111111,"ServiceLifetime=Transient,IsLargeProject=True",RyuJit,Default,X64,8c5e7fda-e8bf-4a96-9a85-a6e23a8c635c,.NET 8.0,False,True,False,True,Default,Default,False,False,False,/p:ExtraDefineConstants=Mediator_Lifetime_Transient%3BMediator_Large_Project,Transient/True,Default,Default,Default,Default,Default,Default,Default,Default,Default,Default,Default,Default,Default,Default,Default,16,Default,"Notification,Object",Transient,Large,82.898 ns,1.1181 ns,1.0459 ns,baseline,,2,0.0172,288 B,
Request_Mediator,Scoped/False,False,Default,Default,Default,Default,Default,Default,111111111111,"ServiceLifetime=Scoped,IsLargeProject=False",RyuJit,Default,X64,8c5e7fda-e8bf-4a96-9a85-a6e23a8c635c,.NET 8.0,False,True,False,True,Default,Default,False,False,False,/p:ExtraDefineConstants=Mediator_Lifetime_Scoped,Scoped/False,Default,Default,Default,Default,Default,Default,Default,Default,Default,Default,Default,Default,Default,Default,Default,16,Default,"Request,Concrete",Scoped,Small,63.357 ns,0.8961 ns,0.8382 ns,1.63x faster,0.03x,1,0.0038,64 B,3.75x less
Request_IMediator,Scoped/False,False,Default,Default,Default,Default,Default,Default,111111111111,"ServiceLifetime=Scoped,IsLargeProject=False",RyuJit,Default,X64,8c5e7fda-e8bf-4a96-9a85-a6e23a8c635c,.NET 8.0,False,True,False,True,Default,Default,False,False,False,/p:ExtraDefineConstants=Mediator_Lifetime_Scoped,Scoped/False,Default,Default,Default,Default,Default,Default,Default,Default,Default,Default,Default,Default,Default,Default,Default,16,Default,"Request,Concrete",Scoped,Small,68.325 ns,0.8602 ns,0.8047 ns,1.52x faster,0.02x,2,0.0038,64 B,3.75x less
Request_MediatR,Scoped/False,False,Default,Default,Default,Default,Default,Default,111111111111,"ServiceLifetime=Scoped,IsLargeProject=False",RyuJit,Default,X64,8c5e7fda-e8bf-4a96-9a85-a6e23a8c635c,.NET 8.0,False,True,False,True,Default,Default,False,False,False,/p:ExtraDefineConstants=Mediator_Lifetime_Scoped,Scoped/False,Default,Default,Default,Default,Default,Default,Default,Default,Default,Default,Default,Default,Default,Default,Default,16,Default,"Request,Concrete",Scoped,Small,103.521 ns,1.2670 ns,1.1851 ns,baseline,,3,0.0143,240 B,
Request_Mediator,Scoped/True,False,Default,Default,Default,Default,Default,Default,111111111111,"ServiceLifetime=Scoped,IsLargeProject=True",RyuJit,Default,X64,8c5e7fda-e8bf-4a96-9a85-a6e23a8c635c,.NET 8.0,False,True,False,True,Default,Default,False,False,False,/p:ExtraDefineConstants=Mediator_Lifetime_Scoped%3BMediator_Large_Project,Scoped/True,Default,Default,Default,Default,Default,Default,Default,Default,Default,Default,Default,Default,Default,Default,Default,16,Default,"Request,Concrete",Scoped,Large,77.438 ns,1.5781 ns,1.5499 ns,1.31x faster,0.03x,1,0.0038,64 B,3.75x less
Request_IMediator,Scoped/True,False,Default,Default,Default,Default,Default,Default,111111111111,"ServiceLifetime=Scoped,IsLargeProject=True",RyuJit,Default,X64,8c5e7fda-e8bf-4a96-9a85-a6e23a8c635c,.NET 8.0,False,True,False,True,Default,Default,False,False,False,/p:ExtraDefineConstants=Mediator_Lifetime_Scoped%3BMediator_Large_Project,Scoped/True,Default,Default,Default,Default,Default,Default,Default,Default,Default,Default,Default,Default,Default,Default,Default,16,Default,"Request,Concrete",Scoped,Large,80.193 ns,1.1701 ns,1.0945 ns,1.27x faster,0.02x,1,0.0038,64 B,3.75x less
Request_MediatR,Scoped/True,False,Default,Default,Default,Default,Default,Default,111111111111,"ServiceLifetime=Scoped,IsLargeProject=True",RyuJit,Default,X64,8c5e7fda-e8bf-4a96-9a85-a6e23a8c635c,.NET 8.0,False,True,False,True,Default,Default,False,False,False,/p:ExtraDefineConstants=Mediator_Lifetime_Scoped%3BMediator_Large_Project,Scoped/True,Default,Default,Default,Default,Default,Default,Default,Default,Default,Default,Default,Default,Default,Default,Default,16,Default,"Request,Concrete",Scoped,Large,101.596 ns,1.2459 ns,1.1655 ns,baseline,,2,0.0143,240 B,
Request_Mediator,Singleton/False,False,Default,Default,Default,Default,Default,Default,111111111111,"ServiceLifetime=Singleton,IsLargeProject=False",RyuJit,Default,X64,8c5e7fda-e8bf-4a96-9a85-a6e23a8c635c,.NET 8.0,False,True,False,True,Default,Default,False,False,False,/p:ExtraDefineConstants=Mediator_Lifetime_Singleton,Singleton/False,Default,Default,Default,Default,Default,Default,Default,Default,Default,Default,Default,Default,Default,Default,Default,16,Default,"Request,Concrete",Singleton,Small,2.098 ns,0.0424 ns,0.0397 ns,47.08x faster,1.06x,1,0.0000,0 B,NA
Request_IMediator,Singleton/False,False,Default,Default,Default,Default,Default,Default,111111111111,"ServiceLifetime=Singleton,IsLargeProject=False",RyuJit,Default,X64,8c5e7fda-e8bf-4a96-9a85-a6e23a8c635c,.NET 8.0,False,True,False,True,Default,Default,False,False,False,/p:ExtraDefineConstants=Mediator_Lifetime_Singleton,Singleton/False,Default,Default,Default,Default,Default,Default,Default,Default,Default,Default,Default,Default,Default,Default,Default,16,Default,"Request,Concrete",Singleton,Small,12.853 ns,0.1698 ns,0.1418 ns,7.68x faster,0.13x,2,0.0000,0 B,NA
Request_MediatR,Singleton/False,False,Default,Default,Default,Default,Default,Default,111111111111,"ServiceLifetime=Singleton,IsLargeProject=False",RyuJit,Default,X64,8c5e7fda-e8bf-4a96-9a85-a6e23a8c635c,.NET 8.0,False,True,False,True,Default,Default,False,False,False,/p:ExtraDefineConstants=Mediator_Lifetime_Singleton,Singleton/False,Default,Default,Default,Default,Default,Default,Default,Default,Default,Default,Default,Default,Default,Default,Default,16,Default,"Request,Concrete",Singleton,Small,98.742 ns,1.5317 ns,1.3578 ns,baseline,,3,0.0143,240 B,
Request_Mediator,Singleton/True,False,Default,Default,Default,Default,Default,Default,111111111111,"ServiceLifetime=Singleton,IsLargeProject=True",RyuJit,Default,X64,8c5e7fda-e8bf-4a96-9a85-a6e23a8c635c,.NET 8.0,False,True,False,True,Default,Default,False,False,False,/p:ExtraDefineConstants=Mediator_Lifetime_Singleton%3BMediator_Large_Project,Singleton/True,Default,Default,Default,Default,Default,Default,Default,Default,Default,Default,Default,Default,Default,Default,Default,16,Default,"Request,Concrete",Singleton,Large,15.003 ns,0.1314 ns,0.1165 ns,6.92x faster,0.10x,1,0.0000,0 B,NA
Request_IMediator,Singleton/True,False,Default,Default,Default,Default,Default,Default,111111111111,"ServiceLifetime=Singleton,IsLargeProject=True",RyuJit,Default,X64,8c5e7fda-e8bf-4a96-9a85-a6e23a8c635c,.NET 8.0,False,True,False,True,Default,Default,False,False,False,/p:ExtraDefineConstants=Mediator_Lifetime_Singleton%3BMediator_Large_Project,Singleton/True,Default,Default,Default,Default,Default,Default,Default,Default,Default,Default,Default,Default,Default,Default,Default,16,Default,"Request,Concrete",Singleton,Large,23.695 ns,0.2688 ns,0.2515 ns,4.38x faster,0.07x,2,0.0000,0 B,NA
Request_MediatR,Singleton/True,False,Default,Default,Default,Default,Default,Default,111111111111,"ServiceLifetime=Singleton,IsLargeProject=True",RyuJit,Default,X64,8c5e7fda-e8bf-4a96-9a85-a6e23a8c635c,.NET 8.0,False,True,False,True,Default,Default,False,False,False,/p:ExtraDefineConstants=Mediator_Lifetime_Singleton%3BMediator_Large_Project,Singleton/True,Default,Default,Default,Default,Default,Default,Default,Default,Default,Default,Default,Default,Default,Default,Default,16,Default,"Request,Concrete",Singleton,Large,103.805 ns,1.4662 ns,1.3715 ns,baseline,,3,0.0143,240 B,
Request_Mediator,Transient/False,False,Default,Default,Default,Default,Default,Default,111111111111,"ServiceLifetime=Transient,IsLargeProject=False",RyuJit,Default,X64,8c5e7fda-e8bf-4a96-9a85-a6e23a8c635c,.NET 8.0,False,True,False,True,Default,Default,False,False,False,/p:ExtraDefineConstants=Mediator_Lifetime_Transient,Transient/False,Default,Default,Default,Default,Default,Default,Default,Default,Default,Default,Default,Default,Default,Default,Default,16,Default,"Request,Concrete",Transient,Small,43.560 ns,0.1383 ns,0.1226 ns,2.22x faster,0.03x,1,0.0052,88 B,2.73x less
Request_IMediator,Transient/False,False,Default,Default,Default,Default,Default,Default,111111111111,"ServiceLifetime=Transient,IsLargeProject=False",RyuJit,Default,X64,8c5e7fda-e8bf-4a96-9a85-a6e23a8c635c,.NET 8.0,False,True,False,True,Default,Default,False,False,False,/p:ExtraDefineConstants=Mediator_Lifetime_Transient,Transient/False,Default,Default,Default,Default,Default,Default,Default,Default,Default,Default,Default,Default,Default,Default,Default,16,Default,"Request,Concrete",Transient,Small,54.606 ns,0.6791 ns,0.6353 ns,1.77x faster,0.03x,2,0.0052,88 B,2.73x less
Request_MediatR,Transient/False,False,Default,Default,Default,Default,Default,Default,111111111111,"ServiceLifetime=Transient,IsLargeProject=False",RyuJit,Default,X64,8c5e7fda-e8bf-4a96-9a85-a6e23a8c635c,.NET 8.0,False,True,False,True,Default,Default,False,False,False,/p:ExtraDefineConstants=Mediator_Lifetime_Transient,Transient/False,Default,Default,Default,Default,Default,Default,Default,Default,Default,Default,Default,Default,Default,Default,Default,16,Default,"Request,Concrete",Transient,Small,96.665 ns,1.3057 ns,1.2213 ns,baseline,,3,0.0143,240 B,
Request_Mediator,Transient/True,False,Default,Default,Default,Default,Default,Default,111111111111,"ServiceLifetime=Transient,IsLargeProject=True",RyuJit,Default,X64,8c5e7fda-e8bf-4a96-9a85-a6e23a8c635c,.NET 8.0,False,True,False,True,Default,Default,False,False,False,/p:ExtraDefineConstants=Mediator_Lifetime_Transient%3BMediator_Large_Project,Transient/True,Default,Default,Default,Default,Default,Default,Default,Default,Default,Default,Default,Default,Default,Default,Default,16,Default,"Request,Concrete",Transient,Large,54.950 ns,0.5451 ns,0.5099 ns,1.94x faster,0.03x,1,0.0052,88 B,2.73x less
Request_IMediator,Transient/True,False,Default,Default,Default,Default,Default,Default,111111111111,"ServiceLifetime=Transient,IsLargeProject=True",RyuJit,Default,X64,8c5e7fda-e8bf-4a96-9a85-a6e23a8c635c,.NET 8.0,False,True,False,True,Default,Default,False,False,False,/p:ExtraDefineConstants=Mediator_Lifetime_Transient%3BMediator_Large_Project,Transient/True,Default,Default,Default,Default,Default,Default,Default,Default,Default,Default,Default,Default,Default,Default,Default,16,Default,"Request,Concrete",Transient,Large,67.711 ns,0.8576 ns,0.8022 ns,1.57x faster,0.03x,2,0.0052,88 B,2.73x less
Request_MediatR,Transient/True,False,Default,Default,Default,Default,Default,Default,111111111111,"ServiceLifetime=Transient,IsLargeProject=True",RyuJit,Default,X64,8c5e7fda-e8bf-4a96-9a85-a6e23a8c635c,.NET 8.0,False,True,False,True,Default,Default,False,False,False,/p:ExtraDefineConstants=Mediator_Lifetime_Transient%3BMediator_Large_Project,Transient/True,Default,Default,Default,Default,Default,Default,Default,Default,Default,Default,Default,Default,Default,Default,Default,16,Default,"Request,Concrete",Transient,Large,106.376 ns,1.2919 ns,1.2085 ns,baseline,,3,0.0143,240 B,
Request_IMediator_Object,Scoped/False,False,Default,Default,Default,Default,Default,Default,111111111111,"ServiceLifetime=Scoped,IsLargeProject=False",RyuJit,Default,X64,8c5e7fda-e8bf-4a96-9a85-a6e23a8c635c,.NET 8.0,False,True,False,True,Default,Default,False,False,False,/p:ExtraDefineConstants=Mediator_Lifetime_Scoped,Scoped/False,Default,Default,Default,Default,Default,Default,Default,Default,Default,Default,Default,Default,Default,Default,Default,16,Default,"Request,Object",Scoped,Small,82.026 ns,1.1236 ns,1.0510 ns,1.33x faster,0.02x,1,0.0038,64 B,4.88x less
Request_MediatR_Object,Scoped/False,False,Default,Default,Default,Default,Default,Default,111111111111,"ServiceLifetime=Scoped,IsLargeProject=False",RyuJit,Default,X64,8c5e7fda-e8bf-4a96-9a85-a6e23a8c635c,.NET 8.0,False,True,False,True,Default,Default,False,False,False,/p:ExtraDefineConstants=Mediator_Lifetime_Scoped,Scoped/False,Default,Default,Default,Default,Default,Default,Default,Default,Default,Default,Default,Default,Default,Default,Default,16,Default,"Request,Object",Scoped,Small,109.344 ns,1.5044 ns,1.4072 ns,baseline,,2,0.0186,312 B,
Request_IMediator_Object,Scoped/True,False,Default,Default,Default,Default,Default,Default,111111111111,"ServiceLifetime=Scoped,IsLargeProject=True",RyuJit,Default,X64,8c5e7fda-e8bf-4a96-9a85-a6e23a8c635c,.NET 8.0,False,True,False,True,Default,Default,False,False,False,/p:ExtraDefineConstants=Mediator_Lifetime_Scoped%3BMediator_Large_Project,Scoped/True,Default,Default,Default,Default,Default,Default,Default,Default,Default,Default,Default,Default,Default,Default,Default,16,Default,"Request,Object",Scoped,Large,99.905 ns,0.0873 ns,0.0729 ns,1.51x faster,0.02x,1,0.0038,64 B,4.88x less
Request_MediatR_Object,Scoped/True,False,Default,Default,Default,Default,Default,Default,111111111111,"ServiceLifetime=Scoped,IsLargeProject=True",RyuJit,Default,X64,8c5e7fda-e8bf-4a96-9a85-a6e23a8c635c,.NET 8.0,False,True,False,True,Default,Default,False,False,False,/p:ExtraDefineConstants=Mediator_Lifetime_Scoped%3BMediator_Large_Project,Scoped/True,Default,Default,Default,Default,Default,Default,Default,Default,Default,Default,Default,Default,Default,Default,Default,16,Default,"Request,Object",Scoped,Large,150.399 ns,1.6683 ns,1.5605 ns,baseline,,2,0.0186,312 B,
Request_IMediator_Object,Singleton/False,False,Default,Default,Default,Default,Default,Default,111111111111,"ServiceLifetime=Singleton,IsLargeProject=False",RyuJit,Default,X64,8c5e7fda-e8bf-4a96-9a85-a6e23a8c635c,.NET 8.0,False,True,False,True,Default,Default,False,False,False,/p:ExtraDefineConstants=Mediator_Lifetime_Singleton,Singleton/False,Default,Default,Default,Default,Default,Default,Default,Default,Default,Default,Default,Default,Default,Default,Default,16,Default,"Request,Object",Singleton,Small,17.439 ns,0.2418 ns,0.2262 ns,6.25x faster,0.11x,1,0.0000,0 B,NA
Request_MediatR_Object,Singleton/False,False,Default,Default,Default,Default,Default,Default,111111111111,"ServiceLifetime=Singleton,IsLargeProject=False",RyuJit,Default,X64,8c5e7fda-e8bf-4a96-9a85-a6e23a8c635c,.NET 8.0,False,True,False,True,Default,Default,False,False,False,/p:ExtraDefineConstants=Mediator_Lifetime_Singleton,Singleton/False,Default,Default,Default,Default,Default,Default,Default,Default,Default,Default,Default,Default,Default,Default,Default,16,Default,"Request,Object",Singleton,Small,109.038 ns,1.3856 ns,1.2961 ns,baseline,,2,0.0186,312 B,
Request_IMediator_Object,Singleton/True,False,Default,Default,Default,Default,Default,Default,111111111111,"ServiceLifetime=Singleton,IsLargeProject=True",RyuJit,Default,X64,8c5e7fda-e8bf-4a96-9a85-a6e23a8c635c,.NET 8.0,False,True,False,True,Default,Default,False,False,False,/p:ExtraDefineConstants=Mediator_Lifetime_Singleton%3BMediator_Large_Project,Singleton/True,Default,Default,Default,Default,Default,Default,Default,Default,Default,Default,Default,Default,Default,Default,Default,16,Default,"Request,Object",Singleton,Large,48.470 ns,0.5124 ns,0.4793 ns,2.50x faster,0.02x,1,0.0000,0 B,NA
Request_MediatR_Object,Singleton/True,False,Default,Default,Default,Default,Default,Default,111111111111,"ServiceLifetime=Singleton,IsLargeProject=True",RyuJit,Default,X64,8c5e7fda-e8bf-4a96-9a85-a6e23a8c635c,.NET 8.0,False,True,False,True,Default,Default,False,False,False,/p:ExtraDefineConstants=Mediator_Lifetime_Singleton%3BMediator_Large_Project,Singleton/True,Default,Default,Default,Default,Default,Default,Default,Default,Default,Default,Default,Default,Default,Default,Default,16,Default,"Request,Object",Singleton,Large,121.127 ns,0.1850 ns,0.1445 ns,baseline,,2,0.0186,312 B,
Request_IMediator_Object,Transient/False,False,Default,Default,Default,Default,Default,Default,111111111111,"ServiceLifetime=Transient,IsLargeProject=False",RyuJit,Default,X64,8c5e7fda-e8bf-4a96-9a85-a6e23a8c635c,.NET 8.0,False,True,False,True,Default,Default,False,False,False,/p:ExtraDefineConstants=Mediator_Lifetime_Transient,Transient/False,Default,Default,Default,Default,Default,Default,Default,Default,Default,Default,Default,Default,Default,Default,Default,16,Default,"Request,Object",Transient,Small,66.815 ns,1.1142 ns,1.0422 ns,1.79x faster,0.03x,1,0.0052,88 B,3.55x less
Request_MediatR_Object,Transient/False,False,Default,Default,Default,Default,Default,Default,111111111111,"ServiceLifetime=Transient,IsLargeProject=False",RyuJit,Default,X64,8c5e7fda-e8bf-4a96-9a85-a6e23a8c635c,.NET 8.0,False,True,False,True,Default,Default,False,False,False,/p:ExtraDefineConstants=Mediator_Lifetime_Transient,Transient/False,Default,Default,Default,Default,Default,Default,Default,Default,Default,Default,Default,Default,Default,Default,Default,16,Default,"Request,Object",Transient,Small,119.806 ns,1.3310 ns,1.2450 ns,baseline,,2,0.0186,312 B,
Request_IMediator_Object,Transient/True,False,Default,Default,Default,Default,Default,Default,111111111111,"ServiceLifetime=Transient,IsLargeProject=True",RyuJit,Default,X64,8c5e7fda-e8bf-4a96-9a85-a6e23a8c635c,.NET 8.0,False,True,False,True,Default,Default,False,False,False,/p:ExtraDefineConstants=Mediator_Lifetime_Transient%3BMediator_Large_Project,Transient/True,Default,Default,Default,Default,Default,Default,Default,Default,Default,Default,Default,Default,Default,Default,Default,16,Default,"Request,Object",Transient,Large,94.433 ns,1.9160 ns,1.8817 ns,1.22x faster,0.03x,1,0.0052,88 B,3.55x less
Request_MediatR_Object,Transient/True,False,Default,Default,Default,Default,Default,Default,111111111111,"ServiceLifetime=Transient,IsLargeProject=True",RyuJit,Default,X64,8c5e7fda-e8bf-4a96-9a85-a6e23a8c635c,.NET 8.0,False,True,False,True,Default,Default,False,False,False,/p:ExtraDefineConstants=Mediator_Lifetime_Transient%3BMediator_Large_Project,Transient/True,Default,Default,Default,Default,Default,Default,Default,Default,Default,Default,Default,Default,Default,Default,Default,16,Default,"Request,Object",Transient,Large,115.481 ns,1.7855 ns,1.6702 ns,baseline,,2,0.0186,312 B,
StreamRequest_Mediator,Scoped/False,False,Default,Default,Default,Default,Default,Default,111111111111,"ServiceLifetime=Scoped,IsLargeProject=False",RyuJit,Default,X64,8c5e7fda-e8bf-4a96-9a85-a6e23a8c635c,.NET 8.0,False,True,False,True,Default,Default,False,False,False,/p:ExtraDefineConstants=Mediator_Lifetime_Scoped,Scoped/False,Default,Default,Default,Default,Default,Default,Default,Default,Default,Default,Default,Default,Default,Default,Default,16,Default,"StreamRequest,Concrete",Scoped,Small,145.047 ns,1.4091 ns,1.3180 ns,2.23x faster,0.02x,1,0.0091,152 B,3.47x less
StreamRequest_IMediator,Scoped/False,False,Default,Default,Default,Default,Default,Default,111111111111,"ServiceLifetime=Scoped,IsLargeProject=False",RyuJit,Default,X64,8c5e7fda-e8bf-4a96-9a85-a6e23a8c635c,.NET 8.0,False,True,False,True,Default,Default,False,False,False,/p:ExtraDefineConstants=Mediator_Lifetime_Scoped,Scoped/False,Default,Default,Default,Default,Default,Default,Default,Default,Default,Default,Default,Default,Default,Default,Default,16,Default,"StreamRequest,Concrete",Scoped,Small,153.171 ns,1.8964 ns,1.7739 ns,2.11x faster,0.03x,2,0.0091,152 B,3.47x less
StreamRequest_MediatR,Scoped/False,False,Default,Default,Default,Default,Default,Default,111111111111,"ServiceLifetime=Scoped,IsLargeProject=False",RyuJit,Default,X64,8c5e7fda-e8bf-4a96-9a85-a6e23a8c635c,.NET 8.0,False,True,False,True,Default,Default,False,False,False,/p:ExtraDefineConstants=Mediator_Lifetime_Scoped,Scoped/False,Default,Default,Default,Default,Default,Default,Default,Default,Default,Default,Default,Default,Default,Default,Default,16,Default,"StreamRequest,Concrete",Scoped,Small,323.862 ns,2.9231 ns,2.2822 ns,baseline,,3,0.0315,528 B,
StreamRequest_Mediator,Scoped/True,False,Default,Default,Default,Default,Default,Default,111111111111,"ServiceLifetime=Scoped,IsLargeProject=True",RyuJit,Default,X64,8c5e7fda-e8bf-4a96-9a85-a6e23a8c635c,.NET 8.0,False,True,False,True,Default,Default,False,False,False,/p:ExtraDefineConstants=Mediator_Lifetime_Scoped%3BMediator_Large_Project,Scoped/True,Default,Default,Default,Default,Default,Default,Default,Default,Default,Default,Default,Default,Default,Default,Default,16,Default,"StreamRequest,Concrete",Scoped,Large,169.930 ns,1.6638 ns,1.5563 ns,1.89x faster,0.03x,1,0.0091,152 B,3.47x less
StreamRequest_IMediator,Scoped/True,False,Default,Default,Default,Default,Default,Default,111111111111,"ServiceLifetime=Scoped,IsLargeProject=True",RyuJit,Default,X64,8c5e7fda-e8bf-4a96-9a85-a6e23a8c635c,.NET 8.0,False,True,False,True,Default,Default,False,False,False,/p:ExtraDefineConstants=Mediator_Lifetime_Scoped%3BMediator_Large_Project,Scoped/True,Default,Default,Default,Default,Default,Default,Default,Default,Default,Default,Default,Default,Default,Default,Default,16,Default,"StreamRequest,Concrete",Scoped,Large,176.179 ns,0.7354 ns,0.5742 ns,1.82x faster,0.02x,2,0.0091,152 B,3.47x less
StreamRequest_MediatR,Scoped/True,False,Default,Default,Default,Default,Default,Default,111111111111,"ServiceLifetime=Scoped,IsLargeProject=True",RyuJit,Default,X64,8c5e7fda-e8bf-4a96-9a85-a6e23a8c635c,.NET 8.0,False,True,False,True,Default,Default,False,False,False,/p:ExtraDefineConstants=Mediator_Lifetime_Scoped%3BMediator_Large_Project,Scoped/True,Default,Default,Default,Default,Default,Default,Default,Default,Default,Default,Default,Default,Default,Default,Default,16,Default,"StreamRequest,Concrete",Scoped,Large,320.439 ns,4.3165 ns,4.0377 ns,baseline,,3,0.0315,528 B,
StreamRequest_Mediator,Singleton/False,False,Default,Default,Default,Default,Default,Default,111111111111,"ServiceLifetime=Singleton,IsLargeProject=False",RyuJit,Default,X64,8c5e7fda-e8bf-4a96-9a85-a6e23a8c635c,.NET 8.0,False,True,False,True,Default,Default,False,False,False,/p:ExtraDefineConstants=Mediator_Lifetime_Singleton,Singleton/False,Default,Default,Default,Default,Default,Default,Default,Default,Default,Default,Default,Default,Default,Default,Default,16,Default,"StreamRequest,Concrete",Singleton,Small,86.689 ns,1.3073 ns,1.2228 ns,3.60x faster,0.05x,1,0.0052,88 B,6.00x less
StreamRequest_IMediator,Singleton/False,False,Default,Default,Default,Default,Default,Default,111111111111,"ServiceLifetime=Singleton,IsLargeProject=False",RyuJit,Default,X64,8c5e7fda-e8bf-4a96-9a85-a6e23a8c635c,.NET 8.0,False,True,False,True,Default,Default,False,False,False,/p:ExtraDefineConstants=Mediator_Lifetime_Singleton,Singleton/False,Default,Default,Default,Default,Default,Default,Default,Default,Default,Default,Default,Default,Default,Default,Default,16,Default,"StreamRequest,Concrete",Singleton,Small,93.958 ns,1.5775 ns,1.4756 ns,3.32x faster,0.05x,2,0.0052,88 B,6.00x less
StreamRequest_MediatR,Singleton/False,False,Default,Default,Default,Default,Default,Default,111111111111,"ServiceLifetime=Singleton,IsLargeProject=False",RyuJit,Default,X64,8c5e7fda-e8bf-4a96-9a85-a6e23a8c635c,.NET 8.0,False,True,False,True,Default,Default,False,False,False,/p:ExtraDefineConstants=Mediator_Lifetime_Singleton,Singleton/False,Default,Default,Default,Default,Default,Default,Default,Default,Default,Default,Default,Default,Default,Default,Default,16,Default,"StreamRequest,Concrete",Singleton,Small,311.944 ns,2.1958 ns,2.0539 ns,baseline,,3,0.0315,528 B,
StreamRequest_Mediator,Singleton/True,False,Default,Default,Default,Default,Default,Default,111111111111,"ServiceLifetime=Singleton,IsLargeProject=True",RyuJit,Default,X64,8c5e7fda-e8bf-4a96-9a85-a6e23a8c635c,.NET 8.0,False,True,False,True,Default,Default,False,False,False,/p:ExtraDefineConstants=Mediator_Lifetime_Singleton%3BMediator_Large_Project,Singleton/True,Default,Default,Default,Default,Default,Default,Default,Default,Default,Default,Default,Default,Default,Default,Default,16,Default,"StreamRequest,Concrete",Singleton,Large,106.205 ns,1.1738 ns,1.0980 ns,3.20x faster,0.05x,1,0.0052,88 B,6.00x less
StreamRequest_IMediator,Singleton/True,False,Default,Default,Default,Default,Default,Default,111111111111,"ServiceLifetime=Singleton,IsLargeProject=True",RyuJit,Default,X64,8c5e7fda-e8bf-4a96-9a85-a6e23a8c635c,.NET 8.0,False,True,False,True,Default,Default,False,False,False,/p:ExtraDefineConstants=Mediator_Lifetime_Singleton%3BMediator_Large_Project,Singleton/True,Default,Default,Default,Default,Default,Default,Default,Default,Default,Default,Default,Default,Default,Default,Default,16,Default,"StreamRequest,Concrete",Singleton,Large,108.389 ns,1.0138 ns,0.9483 ns,3.14x faster,0.04x,1,0.0052,88 B,6.00x less
StreamRequest_MediatR,Singleton/True,False,Default,Default,Default,Default,Default,Default,111111111111,"ServiceLifetime=Singleton,IsLargeProject=True",RyuJit,Default,X64,8c5e7fda-e8bf-4a96-9a85-a6e23a8c635c,.NET 8.0,False,True,False,True,Default,Default,False,False,False,/p:ExtraDefineConstants=Mediator_Lifetime_Singleton%3BMediator_Large_Project,Singleton/True,Default,Default,Default,Default,Default,Default,Default,Default,Default,Default,Default,Default,Default,Default,Default,16,Default,"StreamRequest,Concrete",Singleton,Large,339.977 ns,3.8415 ns,3.5933 ns,baseline,,2,0.0315,528 B,
StreamRequest_Mediator,Transient/False,False,Default,Default,Default,Default,Default,Default,111111111111,"ServiceLifetime=Transient,IsLargeProject=False",RyuJit,Default,X64,8c5e7fda-e8bf-4a96-9a85-a6e23a8c635c,.NET 8.0,False,True,False,True,Default,Default,False,False,False,/p:ExtraDefineConstants=Mediator_Lifetime_Transient,Transient/False,Default,Default,Default,Default,Default,Default,Default,Default,Default,Default,Default,Default,Default,Default,Default,16,Default,"StreamRequest,Concrete",Transient,Small,136.529 ns,1.7344 ns,1.6224 ns,2.39x faster,0.03x,1,0.0105,176 B,3.00x less
StreamRequest_IMediator,Transient/False,False,Default,Default,Default,Default,Default,Default,111111111111,"ServiceLifetime=Transient,IsLargeProject=False",RyuJit,Default,X64,8c5e7fda-e8bf-4a96-9a85-a6e23a8c635c,.NET 8.0,False,True,False,True,Default,Default,False,False,False,/p:ExtraDefineConstants=Mediator_Lifetime_Transient,Transient/False,Default,Default,Default,Default,Default,Default,Default,Default,Default,Default,Default,Default,Default,Default,Default,16,Default,"StreamRequest,Concrete",Transient,Small,148.985 ns,3.0151 ns,2.8203 ns,2.19x faster,0.04x,2,0.0105,176 B,3.00x less
StreamRequest_MediatR,Transient/False,False,Default,Default,Default,Default,Default,Default,111111111111,"ServiceLifetime=Transient,IsLargeProject=False",RyuJit,Default,X64,8c5e7fda-e8bf-4a96-9a85-a6e23a8c635c,.NET 8.0,False,True,False,True,Default,Default,False,False,False,/p:ExtraDefineConstants=Mediator_Lifetime_Transient,Transient/False,Default,Default,Default,Default,Default,Default,Default,Default,Default,Default,Default,Default,Default,Default,Default,16,Default,"StreamRequest,Concrete",Transient,Small,326.418 ns,3.1418 ns,2.9388 ns,baseline,,3,0.0315,528 B,
StreamRequest_IMediator,Transient/True,False,Default,Default,Default,Default,Default,Default,111111111111,"ServiceLifetime=Transient,IsLargeProject=True",RyuJit,Default,X64,8c5e7fda-e8bf-4a96-9a85-a6e23a8c635c,.NET 8.0,False,True,False,True,Default,Default,False,False,False,/p:ExtraDefineConstants=Mediator_Lifetime_Transient%3BMediator_Large_Project,Transient/True,Default,Default,Default,Default,Default,Default,Default,Default,Default,Default,Default,Default,Default,Default,Default,16,Default,"StreamRequest,Concrete",Transient,Large,159.011 ns,1.7273 ns,1.6157 ns,2.05x faster,0.02x,1,0.0105,176 B,3.00x less
StreamRequest_Mediator,Transient/True,False,Default,Default,Default,Default,Default,Default,111111111111,"ServiceLifetime=Transient,IsLargeProject=True",RyuJit,Default,X64,8c5e7fda-e8bf-4a96-9a85-a6e23a8c635c,.NET 8.0,False,True,False,True,Default,Default,False,False,False,/p:ExtraDefineConstants=Mediator_Lifetime_Transient%3BMediator_Large_Project,Transient/True,Default,Default,Default,Default,Default,Default,Default,Default,Default,Default,Default,Default,Default,Default,Default,16,Default,"StreamRequest,Concrete",Transient,Large,160.477 ns,1.3211 ns,1.2358 ns,2.04x faster,0.02x,1,0.0105,176 B,3.00x less
StreamRequest_MediatR,Transient/True,False,Default,Default,Default,Default,Default,Default,111111111111,"ServiceLifetime=Transient,IsLargeProject=True",RyuJit,Default,X64,8c5e7fda-e8bf-4a96-9a85-a6e23a8c635c,.NET 8.0,False,True,False,True,Default,Default,False,False,False,/p:ExtraDefineConstants=Mediator_Lifetime_Transient%3BMediator_Large_Project,Transient/True,Default,Default,Default,Default,Default,Default,Default,Default,Default,Default,Default,Default,Default,Default,Default,16,Default,"StreamRequest,Concrete",Transient,Large,326.714 ns,0.4525 ns,0.3533 ns,baseline,,2,0.0315,528 B,
StreamRequest_IMediator_Object,Scoped/False,False,Default,Default,Default,Default,Default,Default,111111111111,"ServiceLifetime=Scoped,IsLargeProject=False",RyuJit,Default,X64,8c5e7fda-e8bf-4a96-9a85-a6e23a8c635c,.NET 8.0,False,True,False,True,Default,Default,False,False,False,/p:ExtraDefineConstants=Mediator_Lifetime_Scoped,Scoped/False,Default,Default,Default,Default,Default,Default,Default,Default,Default,Default,Default,Default,Default,Default,Default,16,Default,"StreamRequest,Object",Scoped,Small,146.923 ns,2.0482 ns,1.9159 ns,3.26x faster,0.06x,1,0.0091,152 B,4.79x less
StreamRequest_MediatR_Object,Scoped/False,False,Default,Default,Default,Default,Default,Default,111111111111,"ServiceLifetime=Scoped,IsLargeProject=False",RyuJit,Default,X64,8c5e7fda-e8bf-4a96-9a85-a6e23a8c635c,.NET 8.0,False,True,False,True,Default,Default,False,False,False,/p:ExtraDefineConstants=Mediator_Lifetime_Scoped,Scoped/False,Default,Default,Default,Default,Default,Default,Default,Default,Default,Default,Default,Default,Default,Default,Default,16,Default,"StreamRequest,Object",Scoped,Small,478.365 ns,6.4954 ns,6.0758 ns,baseline,,2,0.0429,728 B,
StreamRequest_IMediator_Object,Scoped/True,False,Default,Default,Default,Default,Default,Default,111111111111,"ServiceLifetime=Scoped,IsLargeProject=True",RyuJit,Default,X64,8c5e7fda-e8bf-4a96-9a85-a6e23a8c635c,.NET 8.0,False,True,False,True,Default,Default,False,False,False,/p:ExtraDefineConstants=Mediator_Lifetime_Scoped%3BMediator_Large_Project,Scoped/True,Default,Default,Default,Default,Default,Default,Default,Default,Default,Default,Default,Default,Default,Default,Default,16,Default,"StreamRequest,Object",Scoped,Large,270.108 ns,1.7536 ns,1.4643 ns,1.67x faster,0.02x,1,0.0210,352 B,2.07x less
StreamRequest_MediatR_Object,Scoped/True,False,Default,Default,Default,Default,Default,Default,111111111111,"ServiceLifetime=Scoped,IsLargeProject=True",RyuJit,Default,X64,8c5e7fda-e8bf-4a96-9a85-a6e23a8c635c,.NET 8.0,False,True,False,True,Default,Default,False,False,False,/p:ExtraDefineConstants=Mediator_Lifetime_Scoped%3BMediator_Large_Project,Scoped/True,Default,Default,Default,Default,Default,Default,Default,Default,Default,Default,Default,Default,Default,Default,Default,16,Default,"StreamRequest,Object",Scoped,Large,450.637 ns,4.8082 ns,4.4976 ns,baseline,,2,0.0434,728 B,
StreamRequest_IMediator_Object,Singleton/False,False,Default,Default,Default,Default,Default,Default,111111111111,"ServiceLifetime=Singleton,IsLargeProject=False",RyuJit,Default,X64,8c5e7fda-e8bf-4a96-9a85-a6e23a8c635c,.NET 8.0,False,True,False,True,Default,Default,False,False,False,/p:ExtraDefineConstants=Mediator_Lifetime_Singleton,Singleton/False,Default,Default,Default,Default,Default,Default,Default,Default,Default,Default,Default,Default,Default,Default,Default,16,Default,"StreamRequest,Object",Singleton,Small,88.213 ns,0.8842 ns,0.8271 ns,5.10x faster,0.05x,1,0.0052,88 B,8.27x less
StreamRequest_MediatR_Object,Singleton/False,False,Default,Default,Default,Default,Default,Default,111111111111,"ServiceLifetime=Singleton,IsLargeProject=False",RyuJit,Default,X64,8c5e7fda-e8bf-4a96-9a85-a6e23a8c635c,.NET 8.0,False,True,False,True,Default,Default,False,False,False,/p:ExtraDefineConstants=Mediator_Lifetime_Singleton,Singleton/False,Default,Default,Default,Default,Default,Default,Default,Default,Default,Default,Default,Default,Default,Default,Default,16,Default,"StreamRequest,Object",Singleton,Small,449.921 ns,1.6890 ns,1.3186 ns,baseline,,2,0.0434,728 B,
StreamRequest_IMediator_Object,Singleton/True,False,Default,Default,Default,Default,Default,Default,111111111111,"ServiceLifetime=Singleton,IsLargeProject=True",RyuJit,Default,X64,8c5e7fda-e8bf-4a96-9a85-a6e23a8c635c,.NET 8.0,False,True,False,True,Default,Default,False,False,False,/p:ExtraDefineConstants=Mediator_Lifetime_Singleton%3BMediator_Large_Project,Singleton/True,Default,Default,Default,Default,Default,Default,Default,Default,Default,Default,Default,Default,Default,Default,Default,16,Default,"StreamRequest,Object",Singleton,Large,220.723 ns,2.1260 ns,1.8847 ns,2.01x faster,0.02x,1,0.0162,272 B,2.68x less
StreamRequest_MediatR_Object,Singleton/True,False,Default,Default,Default,Default,Default,Default,111111111111,"ServiceLifetime=Singleton,IsLargeProject=True",RyuJit,Default,X64,8c5e7fda-e8bf-4a96-9a85-a6e23a8c635c,.NET 8.0,False,True,False,True,Default,Default,False,False,False,/p:ExtraDefineConstants=Mediator_Lifetime_Singleton%3BMediator_Large_Project,Singleton/True,Default,Default,Default,Default,Default,Default,Default,Default,Default,Default,Default,Default,Default,Default,Default,16,Default,"StreamRequest,Object",Singleton,Large,443.086 ns,0.8624 ns,0.7645 ns,baseline,,2,0.0434,728 B,
StreamRequest_IMediator_Object,Transient/False,False,Default,Default,Default,Default,Default,Default,111111111111,"ServiceLifetime=Transient,IsLargeProject=False",RyuJit,Default,X64,8c5e7fda-e8bf-4a96-9a85-a6e23a8c635c,.NET 8.0,False,True,False,True,Default,Default,False,False,False,/p:ExtraDefineConstants=Mediator_Lifetime_Transient,Transient/False,Default,Default,Default,Default,Default,Default,Default,Default,Default,Default,Default,Default,Default,Default,Default,16,Default,"StreamRequest,Object",Transient,Small,135.270 ns,1.6612 ns,1.5539 ns,3.27x faster,0.05x,1,0.0105,176 B,4.14x less
StreamRequest_MediatR_Object,Transient/False,False,Default,Default,Default,Default,Default,Default,111111111111,"ServiceLifetime=Transient,IsLargeProject=False",RyuJit,Default,X64,8c5e7fda-e8bf-4a96-9a85-a6e23a8c635c,.NET 8.0,False,True,False,True,Default,Default,False,False,False,/p:ExtraDefineConstants=Mediator_Lifetime_Transient,Transient/False,Default,Default,Default,Default,Default,Default,Default,Default,Default,Default,Default,Default,Default,Default,Default,16,Default,"StreamRequest,Object",Transient,Small,441.972 ns,5.2229 ns,4.8855 ns,baseline,,2,0.0434,728 B,
StreamRequest_IMediator_Object,Transient/True,False,Default,Default,Default,Default,Default,Default,111111111111,"ServiceLifetime=Transient,IsLargeProject=True",RyuJit,Default,X64,8c5e7fda-e8bf-4a96-9a85-a6e23a8c635c,.NET 8.0,False,True,False,True,Default,Default,False,False,False,/p:ExtraDefineConstants=Mediator_Lifetime_Transient%3BMediator_Large_Project,Transient/True,Default,Default,Default,Default,Default,Default,Default,Default,Default,Default,Default,Default,Default,Default,Default,16,Default,"StreamRequest,Object",Transient,Large,282.982 ns,3.1931 ns,2.9868 ns,1.54x faster,0.02x,1,0.0224,376 B,1.94x less
StreamRequest_MediatR_Object,Transient/True,False,Default,Default,Default,Default,Default,Default,111111111111,"ServiceLifetime=Transient,IsLargeProject=True",RyuJit,Default,X64,8c5e7fda-e8bf-4a96-9a85-a6e23a8c635c,.NET 8.0,False,True,False,True,Default,Default,False,False,False,/p:ExtraDefineConstants=Mediator_Lifetime_Transient%3BMediator_Large_Project,Transient/True,Default,Default,Default,Default,Default,Default,Default,Default,Default,Default,Default,Default,Default,Default,Default,16,Default,"StreamRequest,Object",Transient,Large,435.873 ns,1.3962 ns,1.1659 ns,baseline,,2,0.0434,728 B,
